STATEFP,COUNTYFP,TRACTCE,GEOID,NAME,NAMELSAD,MTFCC,FUNCSTAT,ALAND,AWATER,INTPTLAT,INTPTLON,fid,Zone
"17","031","080202","17031080202","802.02",Census Tract 802.02,G5020,S,"155240","0","+41.9058589","-087.6309010",1,4
"17","031","071700","17031071700","717",Census Tract 717,G5020,S,"159951","0","+41.9128666","-087.6410717",1,4
"17","031","071600","17031071600","716",Census Tract 716,G5020,S,"162169","0","+41.9164722","-087.6411823",1,4
"17","031","280100","17031280100","2801",Census Tract 2801,G5020,S,"564644","29634","+41.8854520","-087.6434977",1,4
"17","031","281900","17031281900","2819",Census Tract 2819,G5020,S,"421311","17458","+41.8786346","-087.6429236",1,4
"17","031","081300","17031081300","813",Census Tract 813,G5020,S,"202656","0","+41.8983354","-087.6207531",1,4
"17","031","081000","17031081000","810",Census Tract 810,G5020,S,"298829","0","+41.9002655","-087.6321089",1,4
"17","031","081401","17031081401","814.01",Census Tract 814.01,G5020,S,"281790","0","+41.8950347","-087.6197175",1,4
"17","031","839000","17031839000","8390",Census Tract 8390,G5020,S,"485696","30871","+41.8714863","-087.6313078",1,4
"17","031","330100","17031330100","3301",Census Tract 3301,G5020,S,"2793587","828956","+41.8592947","-087.6155230",1,4
"17","031","842200","17031842200","8422",Census Tract 8422,G5020,S,"1407941","136789","+41.9047279","-087.6492199",1,4
"17","031","081201","17031081201","812.01",Census Tract 812.01,G5020,S,"185124","0","+41.8991538","-087.6262120",1,4
"17","031","839100","17031839100","8391",Census Tract 8391,G5020,S,"1101979","84111","+41.8809857","-087.6330703",1,4
"17","031","839200","17031839200","8392",Census Tract 8392,G5020,S,"650846","0","+41.8420108","-087.6220362",1,4
"17","031","080201","17031080201","802.01",Census Tract 802.01,G5020,S,"135375","0","+41.9094976","-087.6310051",1,4
"17","031","081700","17031081700","817",Census Tract 817,G5020,S,"359199","12366","+41.8922185","-087.6318316",1,4
"17","031","081500","17031081500","815",Census Tract 815,G5020,S,"284635","11173","+41.8929064","-087.6260787",1,4
"17","031","081600","17031081600","816",Census Tract 816,G5020,S,"128834","3966","+41.8920572","-087.6288708",1,4
"17","031","081800","17031081800","818",Census Tract 818,G5020,S,"701139","44573","+41.8933243","-087.6391895",1,4
"17","031","081900","17031081900","819",Census Tract 819,G5020,S,"137297","0","+41.8979900","-087.6414870",1,4
"17","031","071400","17031071400","714",Census Tract 714,G5020,S,"640573","683301","+41.9227255","-087.6295259",1,4
"17","031","071500","17031071500","715",Census Tract 715,G5020,S,"895866","723071","+41.9142415","-087.6250923",1,4
"17","031","071800","17031071800","718",Census Tract 718,G5020,S,"323370","0","+41.9145855","-087.6459660",1,4
"17","031","080100","17031080100","801",Census Tract 801,G5020,S,"265446","0","+41.9075487","-087.6267900",1,4
"17","031","080300","17031080300","803",Census Tract 803,G5020,S,"361504","0","+41.9074899","-087.6357987",1,4
"17","031","080400","17031080400","804",Census Tract 804,G5020,S,"327241","0","+41.9074123","-087.6409015",1,4
"17","031","350100","17031350100","3501",Census Tract 3501,G5020,S,"567876","518735","+41.8402590","-087.6079492",1,4
"17","031","350400","17031350400","3504",Census Tract 3504,G5020,S,"201454","0","+41.8419291","-087.6283695",1,4
"17","031","081100","17031081100","811",Census Tract 811,G5020,S,"102996","0","+41.9002211","-087.6291049",1,4
"17","031","071100","17031071100","711",Census Tract 711,G5020,S,"325455","0","+41.9217778","-087.6510614",1,4
"17","031","071000","17031071000","710",Census Tract 710,G5020,S,"324639","0","+41.9217011","-087.6559114",1,4
"17","031","071200","17031071200","712",Census Tract 712,G5020,S,"325200","0","+41.9218547","-087.6462106",1,4
"17","031","071300","17031071300","713",Census Tract 713,G5020,S,"309582","0","+41.9217794","-087.6414578",1,4
"17","031","320100","17031320100","3201",Census Tract 3201,G5020,S,"917165","50832","+41.8864471","-087.6194672",1,4
"17","031","320400","17031320400","3204",Census Tract 3204,G5020,S,"806328","649677","+41.8758170","-087.6172556",1,4
"17","031","320600","17031320600","3206",Census Tract 3206,G5020,S,"609069","549336","+41.8705542","-087.6165962",1,4
"17","031","330100","17031330100","3301",Census Tract 3301,G5020,S,"2793587","828956","+41.8592947","-087.6155230",1,4
"17","031","330200","17031330200","3302",Census Tract 3302,G5020,S,"756020","35440","+41.8655783","-087.6305680",1,4
"17","031","832500","17031832500","8325",Census Tract 8325,G5020,S,"742894","38645","+41.9222304","-087.6647962",1,4
"17","031","838300","17031838300","8383",Census Tract 8383,G5020,S,"348132","0","+41.9015665","-087.6384039",1,4
"17","031","832600","17031832600","8326",Census Tract 8326,G5020,S,"689068","32563","+41.9147541","-087.6544654",1,4
"17","031","841900","17031841900","8419",Census Tract 8419,G5020,S,"2496101","68430","+41.8684578","-087.6429648",1,4
"17","031","842200","17031842200","8422",Census Tract 8422,G5020,S,"1407941","136789","+41.9047279","-087.6492199",1,4
"17","031","081403","17031081403","814.03",Census Tract 814.03,G5020,S,"331289","1429583","+41.8929908","-087.6209560",,4
"17","031","841000","17031841000","8410",Census Tract 8410,G5020,S,"1056049","296569","+41.8475444","-087.6101983",,4
"17","031","842300","17031842300","8423",Census Tract 8423,G5020,S,"1758734","135729","+41.9083863","-087.6600857",,3
"17","031","390400","17031390400","3904",Census Tract 3904,G5020,S,"326306","0","+41.8059243","-087.6040582",2,5
"17","031","381800","17031381800","3818",Census Tract 3818,G5020,S,"319368","0","+41.8038481","-087.6211978",2,5
"17","031","381900","17031381900","3819",Census Tract 3819,G5020,S,"172690","0","+41.8039557","-087.6138885",2,5
"17","031","390100","17031390100","3901",Census Tract 3901,G5020,S,"482752","360058","+41.8135545","-087.5905449",2,5
"17","031","390200","17031390200","3902",Census Tract 3902,G5020,S,"303791","0","+41.8130410","-087.5994765",2,5
"17","031","390300","17031390300","3903",Census Tract 3903,G5020,S,"327051","0","+41.8132006","-087.6042089",2,5
"17","031","390500","17031390500","3905",Census Tract 3905,G5020,S,"326518","0","+41.8059781","-087.5991987",2,5
"17","031","390600","17031390600","3906",Census Tract 3906,G5020,S,"324629","0","+41.8060181","-087.5943504",2,5
"17","031","400300","17031400300","4003",Census Tract 4003,G5020,S,"1385551","79000","+41.7897540","-087.6112728",2,5
"17","031","400500","17031400500","4005",Census Tract 4005,G5020,S,"326149","0","+41.7910414","-087.6231791",2,5
"17","031","410500","17031410500","4105",Census Tract 4105,G5020,S,"263011","0","+41.7978308","-087.6037423",2,5
"17","031","410600","17031410600","4106",Census Tract 4106,G5020,S,"252245","0","+41.7979687","-087.5989422",2,5
"17","031","410700","17031410700","4107",Census Tract 4107,G5020,S,"259922","0","+41.7980493","-087.5941996",2,5
"17","031","410800","17031410800","4108",Census Tract 4108,G5020,S,"249520","0","+41.7979614","-087.5896248",2,5
"17","031","411100","17031411100","4111",Census Tract 4111,G5020,S,"283282","0","+41.7904545","-087.5897011",2,5
"17","031","411200","17031411200","4112",Census Tract 4112,G5020,S,"402991","0","+41.7905618","-087.5940171",2,5
"17","031","836300","17031836300","8363",Census Tract 8363,G5020,S,"137523","0","+41.8015324","-087.6017585",2,5
"17","031","400500","17031400500","4005",Census Tract 4005,G5020,S,"326149","0","+41.7910414","-087.6231791",2,5
"17","031","835900","17031835900","8359",Census Tract 8359,G5020,S,"647443","0","+41.8201664","-087.6214989",2,5
"17","031","836000","17031836000","8360",Census Tract 8360,G5020,S,"505740","0","+41.8140036","-087.6116844",2,5
"17","031","836200","17031836200","8362",Census Tract 8362,G5020,S,"813762","0","+41.7904693","-087.6012849",2,5
"17","031","410200","17031410200","4102",Census Tract 4102,G5020,S,"64827","0","+41.8016709","-087.5942651",2,5
"17","031","351100","17031351100","3511",Census Tract 3511,G5020,S,"347265","0","+41.8277540","-087.6141894",2,5
"17","031","381500","17031381500","3815",Census Tract 3815,G5020,S,"108677","0","+41.8101927","-087.6228619",2,5
"17","031","380700","17031380700","3807",Census Tract 3807,G5020,S,"244481","0","+41.8138060","-087.6237680",2,5
"17","031","400400","17031400400","4004",Census Tract 4004,G5020,S,"326944","0","+41.7911261","-087.6183211",2,5
"17","031","835700","17031835700","8357",Census Tract 8357,G5020,S,"190190","0","+41.8128443","-087.6275978",2,5
"17","031","836100","17031836100","8361",Census Tract 8361,G5020,S,"860471","0","+41.7998052","-087.6186826",2,5
"17","031","843600","17031843600","8436",Census Tract 8436,G5020,S,"410895","0","+41.8067653","-087.6089488",2,5
"17","031","351000","17031351000","3510",Census Tract 3510,G5020,S,"821383","665632","+41.8355675","-087.6065282",2,5
"17","031","351400","17031351400","3514",Census Tract 3514,G5020,S,"323957","0","+41.8274019","-087.6240909",2,5
"17","031","360200","17031360200","3602",Census Tract 3602,G5020,S,"232044","0","+41.8268855","-087.6098876",2,5
"17","031","380100","17031380100","3801",Census Tract 3801,G5020,S,"438048","0","+41.8202019","-087.6100974",2,5
"17","031","380200","17031380200","3802",Census Tract 3802,G5020,S,"215130","0","+41.8205740","-087.6149861",2,5
"17","031","380500","17031380500","3805",Census Tract 3805,G5020,S,"191451","0","+41.8200988","-087.6277942",2,5
"17","031","381200","17031381200","3812",Census Tract 3812,G5020,S,"258553","0","+41.8085114","-087.6139992",2,5
"17","031","381400","17031381400","3814",Census Tract 3814,G5020,S,"316691","0","+41.8076202","-087.6214298",2,5
"17","031","381700","17031381700","3817",Census Tract 3817,G5020,S,"196802","0","+41.8055502","-087.6274463",2,5
"17","031","351500","17031351500","3515",Census Tract 3515,G5020,S,"166221","0","+41.8272402","-087.6277309",2,5
"17","031","842000","17031842000","8420",Census Tract 8420,G5020,S,"590013","0","+41.8349600","-087.6251702",2,5
"17","031","839600","17031839600","8396",Census Tract 8396,G5020,S,"327053","0","+41.8274428","-087.6192486",2,5
"17","031","839500","17031839500","8395",Census Tract 8395,G5020,S,"262139","0","+41.8340975","-087.6192919",2,5
"17","031","835800","17031835800","8358",Census Tract 8358,G5020,S,"284425","0","+41.8130462","-087.6187192",2,5
"17","031","834500","17031834500","8345",Census Tract 8345,G5020,S,"464133","0","+41.7860320","-087.6253618",,5
"17","031","671400","17031671400","6714",Census Tract 6714,G5020,S,"495626","0","+41.7737921","-087.6762289",3,6
"17","031","650400","17031650400","6504",Census Tract 6504,G5020,S,"1098628","0","+41.7653247","-087.7171803",3,6
"17","031","650500","17031650500","6505",Census Tract 6505,G5020,S,"3246103","0","+41.7622187","-087.7320352",3,6
"17","031","660400","17031660400","6604",Census Tract 6604,G5020,S,"645646","0","+41.7825321","-087.7080441",3,6
"17","031","660500","17031660500","6605",Census Tract 6605,G5020,S,"659363","0","+41.7752434","-087.7079432",3,6
"17","031","660600","17031660600","6606",Census Tract 6606,G5020,S,"658608","0","+41.7772873","-087.6933406",3,6
"17","031","660700","17031660700","6607",Census Tract 6607,G5020,S,"480681","0","+41.7738452","-087.6810955",3,6
"17","031","660800","17031660800","6608",Census Tract 6608,G5020,S,"655390","0","+41.7736413","-087.6932656",3,6
"17","031","660900","17031660900","6609",Census Tract 6609,G5020,S,"1811423","161566","+41.7678191","-087.6990630",3,6
"17","031","661000","17031661000","6610",Census Tract 6610,G5020,S,"1118966","0","+41.7618177","-087.6850469",3,6
"17","031","560100","17031560100","5601",Census Tract 5601,G5020,S,"693892","48984","+41.8156765","-087.7415910",3,6
"17","031","670200","17031670200","6702",Census Tract 6702,G5020,S,"326542","0","+41.7904247","-087.6620627",3,6
"17","031","670300","17031670300","6703",Census Tract 6703,G5020,S,"326330","0","+41.7903576","-087.6669167",3,6
"17","031","670400","17031670400","6704",Census Tract 6704,G5020,S,"326418","0","+41.7902996","-087.6717698",3,6
"17","031","661100","17031661100","6611",Census Tract 6611,G5020,S,"1299431","0","+41.7607879","-087.7026905",3,6
"17","031","670100","17031670100","6701",Census Tract 6701,G5020,S,"326892","0","+41.7904937","-087.6572084",3,6
"17","031","670600","17031670600","6706",Census Tract 6706,G5020,S,"327032","0","+41.7830054","-087.6715772",3,6
"17","031","670700","17031670700","6707",Census Tract 6707,G5020,S,"326730","0","+41.7830686","-087.6667315",3,6
"17","031","670800","17031670800","6708",Census Tract 6708,G5020,S,"326299","0","+41.7831442","-087.6618790",3,6
"17","031","670900","17031670900","6709",Census Tract 6709,G5020,S,"326291","0","+41.7832124","-087.6570220",3,6
"17","031","560200","17031560200","5602",Census Tract 5602,G5020,S,"662049","0","+41.8113309","-087.7478273",3,6
"17","031","560300","17031560300","5603",Census Tract 5603,G5020,S,"653932","0","+41.8039075","-087.7479870",3,6
"17","031","560700","17031560700","5607",Census Tract 5607,G5020,S,"661239","0","+41.7964626","-087.7575202",3,6
"17","031","560800","17031560800","5608",Census Tract 5608,G5020,S,"1321148","0","+41.7962056","-087.7721659",3,6
"17","031","560900","17031560900","5609",Census Tract 5609,G5020,S,"1319260","0","+41.7957702","-087.7916514",3,6
"17","031","561000","17031561000","5610",Census Tract 5610,G5020,S,"1328253","0","+41.7885022","-087.7915033",3,6
"17","031","680600","17031680600","6806",Census Tract 6806,G5020,S,"326466","0","+41.7832811","-087.6521652",3,6
"17","031","630300","17031630300","6303",Census Tract 6303,G5020,S,"985487","0","+41.7988620","-087.7086378",3,6
"17","031","630800","17031630800","6308",Census Tract 6308,G5020,S,"655815","0","+41.7899652","-087.6985725",3,6
"17","031","630900","17031630900","6309",Census Tract 6309,G5020,S,"659762","0","+41.7898114","-087.7083655",3,6
"17","031","640100","17031640100","6401",Census Tract 6401,G5020,S,"305457","0","+41.7819196","-087.7398608",3,6
"17","031","640300","17031640300","6403",Census Tract 6403,G5020,S,"1324645","0","+41.7815321","-087.7716353",3,6
"17","031","640400","17031640400","6404",Census Tract 6404,G5020,S,"1334945","0","+41.7811784","-087.7912474",3,6
"17","031","640500","17031640500","6405",Census Tract 6405,G5020,S,"661917","0","+41.7756825","-087.7909879",3,6
"17","031","640600","17031640600","6406",Census Tract 6406,G5020,S,"659757","0","+41.7760362","-087.7714298",3,6
"17","031","640700","17031640700","6407",Census Tract 6407,G5020,S,"657092","0","+41.7764111","-087.7519356",3,6
"17","031","640800","17031640800","6408",Census Tract 6408,G5020,S,"326769","0","+41.7748241","-087.7397422",3,6
"17","031","650100","17031650100","6501",Census Tract 6501,G5020,S,"673422","0","+41.7823766","-087.7178549",3,6
"17","031","650200","17031650200","6502",Census Tract 6502,G5020,S,"991073","0","+41.7822221","-087.7302252",3,6
"17","031","980100","17031980100","9801",Census Tract 9801,G5020,S,"2981781","0","+41.7859813","-087.7509001",3,6
"17","031","650301","17031650301","6503.01",Census Tract 6503.01,G5020,S,"985558","0","+41.7749275","-087.7299916",3,6
"17","031","650302","17031650302","6503.02",Census Tract 6503.02,G5020,S,"661844","0","+41.7750953","-087.7177493",3,6
"17","031","700301","17031700301","7003.01",Census Tract 7003.01,G5020,S,"1275707","0","+41.7456225","-087.7317117",3,6
"17","031","700401","17031700401","7004.01",Census Tract 7004.01,G5020,S,"1482529","0","+41.7455372","-087.7120355",3,6
"17","031","700302","17031700302","7003.02",Census Tract 7003.02,G5020,S,"1319649","0","+41.7383652","-087.7313064",3,6
"17","031","700501","17031700501","7005.01",Census Tract 7005.01,G5020,S,"1670340","0","+41.7462133","-087.6903423",3,6
"17","031","700502","17031700502","7005.02",Census Tract 7005.02,G5020,S,"1722969","0","+41.7388522","-087.6887683",3,6
"17","031","700402","17031700402","7004.02",Census Tract 7004.02,G5020,S,"1148944","0","+41.7382302","-087.7118234",3,6
"17","031","670500","17031670500","6705",Census Tract 6705,G5020,S,"622494","0","+41.7865780","-087.6764044",3,6
"17","031","560400","17031560400","5604",Census Tract 5604,G5020,S,"339633","0","+41.8040062","-087.7406144",3,6
"17","031","660302","17031660302","6603.02",Census Tract 6603.02,G5020,S,"491837","0","+41.7835957","-087.6983926",3,6
"17","031","660301","17031660301","6603.01",Census Tract 6603.01,G5020,S,"163782","0","+41.7799541","-087.6982872",3,6
"17","031","834600","17031834600","8346",Census Tract 8346,G5020,S,"1562221","0","+41.7872463","-087.6343057",3,6
"17","031","672000","17031672000","6720",Census Tract 6720,G5020,S,"995092","0","+41.7611983","-087.6711281",3,6
"17","031","681000","17031681000","6810",Census Tract 6810,G5020,S,"652466","0","+41.7760398","-087.6495479",3,6
"17","031","681100","17031681100","6811",Census Tract 6811,G5020,S,"652438","0","+41.7687665","-087.6493595",3,6
"17","031","680500","17031680500","6805",Census Tract 6805,G5020,S,"326856","0","+41.7905639","-087.6523524",3,6
"17","031","680900","17031680900","6809",Census Tract 6809,G5020,S,"1032879","0","+41.7764305","-087.6376304",3,6
"17","031","681200","17031681200","6812",Census Tract 6812,G5020,S,"774319","0","+41.7691593","-087.6386774",3,6
"17","031","691100","17031691100","6911",Census Tract 6911,G5020,S,"675743","0","+41.7617135","-087.6298721",3,6
"17","031","620100","17031620100","6201",Census Tract 6201,G5020,S,"837583","0","+41.7980175","-087.7180257",3,6
"17","031","620200","17031620200","6202",Census Tract 6202,G5020,S,"577060","0","+41.7955215","-087.7292339",3,6
"17","031","620300","17031620300","6203",Census Tract 6203,G5020,S,"992183","0","+41.7895025","-087.7304438",3,6
"17","031","620400","17031620400","6204",Census Tract 6204,G5020,S,"656282","0","+41.7896382","-087.7181682",3,6
"17","031","561100","17031561100","5611",Census Tract 5611,G5020,S,"1321993","0","+41.7888698","-087.7719099",3,6
"17","031","570100","17031570100","5701",Census Tract 5701,G5020,S,"1523744","0","+41.8162003","-087.7189132",3,6
"17","031","570200","17031570200","5702",Census Tract 5702,G5020,S,"1763887","0","+41.8143799","-087.7307183",3,6
"17","031","570300","17031570300","5703",Census Tract 5703,G5020,S,"980167","0","+41.8041449","-087.7307909",3,6
"17","031","570400","17031570400","5704",Census Tract 5704,G5020,S,"463390","0","+41.8049921","-087.7191305",3,6
"17","031","570500","17031570500","5705",Census Tract 5705,G5020,S,"423598","0","+41.7986015","-087.7324553",3,6
"17","031","580400","17031580400","5804",Census Tract 5804,G5020,S,"1316120","0","+41.8152753","-087.7091845",3,6
"17","031","681300","17031681300","6813",Census Tract 6813,G5020,S,"718139","0","+41.7611807","-087.6398423",3,6
"17","031","681400","17031681400","6814",Census Tract 6814,G5020,S,"646368","0","+41.7615223","-087.6491706",3,6
"17","031","690300","17031690300","6903",Census Tract 6903,G5020,S,"532481","0","+41.7687326","-087.6291162",3,6
"17","031","700100","17031700100","7001",Census Tract 7001,G5020,S,"2311840","0","+41.7535935","-087.6953091",3,6
"17","031","700200","17031700200","7002",Census Tract 7002,G5020,S,"1614071","0","+41.7529893","-087.7237840",3,6
"17","031","671200","17031671200","6712",Census Tract 6712,G5020,S,"244922","0","+41.7766993","-087.6665823",3,6
"17","031","671100","17031671100","6711",Census Tract 6711,G5020,S,"245194","0","+41.7767771","-087.6617159",3,6
"17","031","671300","17031671300","6713",Census Tract 6713,G5020,S,"484665","0","+41.7739015","-087.6713493",3,6
"17","031","671500","17031671500","6715",Census Tract 6715,G5020,S,"741246","0","+41.7681722","-087.6696315",3,6
"17","031","671600","17031671600","6716",Census Tract 6716,G5020,S,"407164","0","+41.7694999","-087.6615113",3,6
"17","031","671800","17031671800","6718",Census Tract 6718,G5020,S,"324235","0","+41.7614010","-087.6564481",3,6
"17","031","671900","17031671900","6719",Census Tract 6719,G5020,S,"322062","0","+41.7613256","-087.6612802",3,6
"17","031","835200","17031835200","8352",Census Tract 8352,G5020,S,"988538","0","+41.7966437","-087.7452866",3,6
"17","031","834800","17031834800","8348",Census Tract 8348,G5020,S,"599866","0","+41.7836336","-087.6450883",3,6
"17","031","834700","17031834700","8347",Census Tract 8347,G5020,S,"657991","0","+41.7906903","-087.6450334",3,6
"17","031","835100","17031835100","8351",Census Tract 8351,G5020,S,"1003979","0","+41.7901579","-087.6862479",3,6
"17","031","835000","17031835000","8350",Census Tract 8350,G5020,S,"1004079","0","+41.7828495","-087.6860492",3,6
"17","031","834900","17031834900","8349",Census Tract 8349,G5020,S,"653144","0","+41.7722986","-087.6567361",3,6
"17","031","420300","17031420300","4203",Census Tract 4203,G5020,S,"245119","0","+41.7832241","-087.5986970",4,7
"17","031","420600","17031420600","4206",Census Tract 4206,G5020,S,"243609","0","+41.7830135","-087.6132777",4,7
"17","031","420800","17031420800","4208",Census Tract 4208,G5020,S,"347603","0","+41.7769097","-087.6032569",4,7
"17","031","421200","17031421200","4212",Census Tract 4212,G5020,S,"325749","0","+41.7706621","-087.6089474",4,7
"17","031","400800","17031400800","4008",Census Tract 4008,G5020,S,"493317","0","+41.7828633","-087.6205580",4,7
"17","031","420100","17031420100","4201",Census Tract 4201,G5020,S,"761045","623125","+41.7825689","-087.5795042",4,7
"17","031","420200","17031420200","4202",Census Tract 4202,G5020,S,"277261","0","+41.7834680","-087.5935208",4,7
"17","031","420400","17031420400","4204",Census Tract 4204,G5020,S,"245128","0","+41.7831699","-087.6035584",4,7
"17","031","420700","17031420700","4207",Census Tract 4207,G5020,S,"650530","0","+41.7766914","-087.6106933",4,7
"17","031","834400","17031834400","8344",Census Tract 8344,G5020,S,"586494","0","+41.7769504","-087.5963030",4,7
"17","031","430101","17031430101","4301.01",Census Tract 4301.01,G5020,S,"327083","0","+41.7698532","-087.5739530",4,7
"17","031","842500","17031842500","8425",Census Tract 8425,G5020,S,"1075294","0","+41.7769506","-087.6232157",4,7
"17","031","841800","17031841800","8418",Census Tract 8418,G5020,S,"1643102","0","+41.7663064","-087.5994212",4,7
"17","031","843900","17031843900","8439",Census Tract 8439,G5020,S,"1478136","729136","+41.7789932","-087.5761303",4,7
"17","031","420500","17031420500","4205",Census Tract 4205,G5020,S,"245980","0","+41.7831002","-087.6084261",4,7
"17","031","430400","17031430400","4304",Census Tract 4304,G5020,S,"548002","0","+41.7621978","-087.5903116",4,7
"17","031","430600","17031430600","4306",Census Tract 4306,G5020,S,"333359","0","+41.7644133","-087.5713730",4,7
"17","031","430800","17031430800","4308",Census Tract 4308,G5020,S,"328071","0","+41.7607500","-087.5712983",4,7
"17","031","430500","17031430500","4305",Census Tract 4305,G5020,S,"342833","0","+41.7643139","-087.5812700",4,7
"17","031","430900","17031430900","4309",Census Tract 4309,G5020,S,"336518","0","+41.7606410","-087.5811851",4,7
"17","031","690400","17031690400","6904",Census Tract 6904,G5020,S,"651689","0","+41.7692587","-087.6202084",4,7
"17","031","690500","17031690500","6905",Census Tract 6905,G5020,S,"323161","0","+41.7681794","-087.6121031",4,7
"17","031","690900","17031690900","6909",Census Tract 6909,G5020,S,"655477","0","+41.7621424","-087.6103447",4,7
"17","031","691000","17031691000","6910",Census Tract 6910,G5020,S,"648676","0","+41.7619654","-087.6200151",4,7
"17","031","430200","17031430200","4302",Census Tract 4302,G5020,S,"661348","0","+41.7697613","-087.5813509",4,7
"17","031","430300","17031430300","4303",Census Tract 4303,G5020,S,"406133","0","+41.7697163","-087.5893601",4,7
"17","031","490400","17031490400","4904",Census Tract 4904,G5020,S,"237759","0","+41.7236539","-087.6108237",5,8
"17","031","470100","17031470100","4701",Census Tract 4701,G5020,S,"1589028","0","+41.7282207","-087.5964894",5,8
"17","031","480100","17031480100","4801",Census Tract 4801,G5020,S,"659618","0","+41.7352410","-087.5757292",5,8
"17","031","480200","17031480200","4802",Census Tract 4802,G5020,S,"286108","0","+41.7351241","-087.5898829",5,8
"17","031","480300","17031480300","4803",Census Tract 4803,G5020,S,"415735","0","+41.7291940","-087.5879725",5,8
"17","031","480400","17031480400","4804",Census Tract 4804,G5020,S,"1809911","0","+41.7284498","-087.5756385",5,8
"17","031","480500","17031480500","4805",Census Tract 4805,G5020,S,"1363482","0","+41.7276001","-087.5590911",5,8
"17","031","490300","17031490300","4903",Census Tract 4903,G5020,S,"632685","0","+41.7253813","-087.6191480",5,8
"17","031","520200","17031520200","5202",Census Tract 5202,G5020,S,"1108055","109644","+41.7123087","-087.5406913",5,8
"17","031","520300","17031520300","5203",Census Tract 5203,G5020,S,"958354","0","+41.7011139","-087.5395629",5,8
"17","031","520400","17031520400","5204",Census Tract 5204,G5020,S,"725278","0","+41.7030080","-087.5307029",5,8
"17","031","520500","17031520500","5205",Census Tract 5205,G5020,S,"1050138","0","+41.6931158","-087.5308719",5,8
"17","031","520600","17031520600","5206",Census Tract 5206,G5020,S,"1089377","0","+41.6895204","-087.5404000",5,8
"17","031","440600","17031440600","4406",Census Tract 4406,G5020,S,"666619","0","+41.7326718","-087.6191373",5,8
"17","031","440900","17031440900","4409",Census Tract 4409,G5020,S,"742630","0","+41.7286690","-087.6090057",5,8
"17","031","440700","17031440700","4407",Census Tract 4407,G5020,S,"327461","0","+41.7347514","-087.6096294",5,8
"17","031","440800","17031440800","4408",Census Tract 4408,G5020,S,"279123","0","+41.7317114","-087.6033280",5,8
"17","031","460100","17031460100","4601",Census Tract 4601,G5020,S,"2964056","2514274","+41.7478345","-087.5367253",5,8
"17","031","450300","17031450300","4503",Census Tract 4503,G5020,S,"1366771","0","+41.7419438","-087.5790892",5,8
"17","031","460200","17031460200","4602",Census Tract 4602,G5020,S,"600282","0","+41.7413872","-087.5470101",5,8
"17","031","460600","17031460600","4606",Census Tract 4606,G5020,S,"260611","0","+41.7356327","-087.5595142",5,8
"17","031","460700","17031460700","4607",Census Tract 4607,G5020,S,"422623","0","+41.7355805","-087.5492807",5,8
"17","031","460400","17031460400","4604",Census Tract 4604,G5020,S,"652525","0","+41.7444903","-087.5636922",5,8
"17","031","460500","17031460500","4605",Census Tract 4605,G5020,S,"1277228","0","+41.7468819","-087.5726041",5,8
"17","031","461000","17031461000","4610",Census Tract 4610,G5020,S,"561859","59596","+41.7273925","-087.5465424",5,8
"17","031","833900","17031833900","8339",Census Tract 8339,G5020,S,"677853","24124","+41.7310321","-087.5474226",5,8
"17","031","834300","17031834300","8343",Census Tract 8343,G5020,S,"1911637","0","+41.7458348","-087.5917880",5,8
"17","031","440201","17031440201","4402.01",Census Tract 4402.01,G5020,S,"531454","0","+41.7482097","-087.6100739",5,8
"17","031","834000","17031834000","8340",Census Tract 8340,G5020,S,"984825","0","+41.7275601","-087.6295042",5,8
"17","031","834200","17031834200","8342",Census Tract 8342,G5020,S,"975440","0","+41.7555676","-087.5836069",5,8
"17","031","842400","17031842400","8424",Census Tract 8424,G5020,S,"1968582","0","+41.7424754","-087.6300401",5,8
"17","031","440101","17031440101","4401.01",Census Tract 4401.01,G5020,S,"377008","0","+41.7486271","-087.6014512",5,8
"17","031","431301","17031431301","4313.01",Census Tract 4313.01,G5020,S,"404025","0","+41.7535302","-087.5601871",5,8
"17","031","431302","17031431302","4313.02",Census Tract 4313.02,G5020,S,"437419","0","+41.7583855","-087.5627859",5,8
"17","031","460302","17031460302","4603.02",Census Tract 4603.02,G5020,S,"648832","0","+41.7470840","-087.5573879",5,8
"17","031","460301","17031460301","4603.01",Census Tract 4603.01,G5020,S,"485612","0","+41.7400264","-087.5563673",5,8
"17","031","440102","17031440102","4401.02",Census Tract 4401.02,G5020,S,"627506","0","+41.7409356","-087.6011636",5,8
"17","031","440202","17031440202","4402.02",Census Tract 4402.02,G5020,S,"781698","0","+41.7409599","-087.6097620",5,8
"17","031","550200","17031550200","5502",Census Tract 5502,G5020,S,"5093938","283388","+41.6550974","-087.5648270",5,8
"17","031","710700","17031710700","7107",Census Tract 7107,G5020,S,"490083","0","+41.7471100","-087.6568840",5,8
"17","031","550100","17031550100","5501",Census Tract 5501,G5020,S,"7189486","1132186","+41.6631813","-087.5359785",5,8
"17","031","710900","17031710900","7109",Census Tract 7109,G5020,S,"990948","0","+41.7421461","-087.6396893",5,8
"17","031","711000","17031711000","7110",Census Tract 7110,G5020,S,"654358","0","+41.7396436","-087.6485811",5,8
"17","031","711100","17031711100","7111",Census Tract 7111,G5020,S,"653926","0","+41.7395016","-087.6583002",5,8
"17","031","711200","17031711200","7112",Census Tract 7112,G5020,S,"1102231","0","+41.7405561","-087.6698252",5,8
"17","031","431200","17031431200","4312",Census Tract 4312,G5020,S,"655295","0","+41.7553011","-087.5711843",5,8
"17","031","691200","17031691200","6912",Census Tract 6912,G5020,S,"1003068","10662","+41.7526208","-087.6304113",5,8
"17","031","440300","17031440300","4403",Census Tract 4403,G5020,S,"1295106","0","+41.7437212","-087.6195424",5,8
"17","031","510100","17031510100","5101",Census Tract 5101,G5020,S,"2147646","220086","+41.7126213","-087.5500748",5,8
"17","031","510200","17031510200","5102",Census Tract 5102,G5020,S,"1277946","0","+41.7142651","-087.5600495",5,8
"17","031","691300","17031691300","6913",Census Tract 6913,G5020,S,"647447","0","+41.7546811","-087.6198472",5,8
"17","031","691400","17031691400","6914",Census Tract 6914,G5020,S,"656684","0","+41.7548455","-087.6101685",5,8
"17","031","691500","17031691500","6915",Census Tract 6915,G5020,S,"674522","0","+41.7550528","-087.6002666",5,8
"17","031","710100","17031710100","7101",Census Tract 7101,G5020,S,"215116","0","+41.7533918","-087.6419713",5,8
"17","031","710200","17031710200","7102",Census Tract 7102,G5020,S,"741782","0","+41.7551131","-087.6514252",5,8
"17","031","710400","17031710400","7104",Census Tract 7104,G5020,S,"1002458","0","+41.7539184","-087.6709328",5,8
"17","031","710500","17031710500","7105",Census Tract 7105,G5020,S,"748404","0","+41.7475316","-087.6707874",5,8
"17","031","710600","17031710600","7106",Census Tract 7106,G5020,S,"244933","0","+41.7476600","-087.6609434",5,8
"17","031","710800","17031710800","7108",Census Tract 7108,G5020,S,"816273","0","+41.7478366","-087.6488126",5,8
"17","031","510300","17031510300","5103",Census Tract 5103,G5020,S,"2957302","0","+41.7157381","-087.5749736",5,8
"17","031","520100","17031520100","5201",Census Tract 5201,G5020,S,"2581898","521681","+41.7211184","-087.5294325",5,8
"17","031","838800","17031838800","8388",Census Tract 8388,G5020,S,"17863256","3802983","+41.6834042","-087.5740611",5,8
"17","031","710300","17031710300","7103",Census Tract 7103,G5020,S,"327581","0","+41.7540485","-087.6611057",5,8
"17","031","490500","17031490500","4905",Census Tract 4905,G5020,S,"1425891","0","+41.7179274","-087.6132064",6,9
"17","031","490600","17031490600","4906",Census Tract 4906,G5020,S,"683115","0","+41.7179734","-087.6283302",6,9
"17","031","490700","17031490700","4907",Census Tract 4907,G5020,S,"639811","0","+41.7107339","-087.6283617",6,9
"17","031","490800","17031490800","4908",Census Tract 4908,G5020,S,"1079253","0","+41.7106828","-087.6153371",6,9
"17","031","491000","17031491000","4910",Census Tract 4910,G5020,S,"1277974","0","+41.6997625","-087.6280536",6,9
"17","031","491100","17031491100","4911",Census Tract 4911,G5020,S,"1321949","0","+41.6997531","-087.6376994",6,9
"17","031","530200","17031530200","5302",Census Tract 5302,G5020,S,"1297343","0","+41.6815612","-087.6323954",6,9
"17","031","530300","17031530300","5303",Census Tract 5303,G5020,S,"1308194","0","+41.6813144","-087.6517524",6,9
"17","031","530400","17031530400","5304",Census Tract 5304,G5020,S,"1312063","0","+41.6740397","-087.6515267",6,9
"17","031","530600","17031530600","5306",Census Tract 5306,G5020,S,"966243","67959","+41.6700882","-087.6191458",6,9
"17","031","491200","17031491200","4912",Census Tract 4912,G5020,S,"649492","0","+41.6887765","-087.6374383",6,9
"17","031","491300","17031491300","4913",Census Tract 4913,G5020,S,"646033","0","+41.6888969","-087.6278036",6,9
"17","031","491400","17031491400","4914",Census Tract 4914,G5020,S,"829869","0","+41.6891232","-087.6168215",6,9
"17","031","500100","17031500100","5001",Census Tract 5001,G5020,S,"2652722","0","+41.7146834","-087.5950247",6,9
"17","031","500200","17031500200","5002",Census Tract 5002,G5020,S,"2042414","0","+41.7008552","-087.6003086",6,9
"17","031","500300","17031500300","5003",Census Tract 5003,G5020,S,"709172","0","+41.6893150","-087.6053698",6,9
"17","031","750100","17031750100","7501",Census Tract 7501,G5020,S,"1285527","0","+41.6958345","-087.6520283",6,9
"17","031","750200","17031750200","7502",Census Tract 7502,G5020,S,"1311132","0","+41.6956647","-087.6714247",6,9
"17","031","750300","17031750300","7503",Census Tract 7503,G5020,S,"661763","0","+41.6953911","-087.6861726",6,9
"17","031","750400","17031750400","7504",Census Tract 7504,G5020,S,"995559","0","+41.6856566","-087.6850710",6,9
"17","031","750500","17031750500","7505",Census Tract 7505,G5020,S,"2636170","0","+41.6846154","-087.6712334",6,9
"17","031","750600","17031750600","7506",Census Tract 7506,G5020,S,"1316350","0","+41.6886312","-087.6520493",6,9
"17","031","540101","17031540101","5401.01",Census Tract 5401.01,G5020,S,"3357305","508399","+41.6507203","-087.5993689",6,9
"17","031","530501","17031530501","5305.01",Census Tract 5305.01,G5020,S,"1296493","0","+41.6742780","-087.6321660",6,9
"17","031","530503","17031530503","5305.03",Census Tract 5305.03,G5020,S,"1598487","57148","+41.6642039","-087.6375356",6,9
"17","031","530502","17031530502","5305.02",Census Tract 5305.02,G5020,S,"706252","101712","+41.6660796","-087.6250251",6,9
"17","031","490901","17031490901","4909.01",Census Tract 4909.01,G5020,S,"845452","0","+41.6960582","-087.6162677",6,9
"17","031","490902","17031490902","4909.02",Census Tract 4909.02,G5020,S,"1196066","0","+41.7032801","-087.6153262",6,9
"17","031","730201","17031730201","7302.01",Census Tract 7302.01,G5020,S,"998832","0","+41.7268625","-087.6579016",6,9
"17","031","540102","17031540102","5401.02",Census Tract 5401.02,G5020,S,"5297055","0","+41.6673300","-087.6054488",6,9
"17","031","530100","17031530100","5301",Census Tract 5301,G5020,S,"649937","0","+41.6818522","-087.6179395",6,9
"17","031","730202","17031730202","7302.02",Census Tract 7302.02,G5020,S,"872692","0","+41.7264299","-087.6485425",6,9
"17","031","711500","17031711500","7115",Census Tract 7115,G5020,S,"649295","0","+41.7324402","-087.6386888",6,9
"17","031","711300","17031711300","7113",Census Tract 7113,G5020,S,"350019","0","+41.7335044","-087.6672855",6,9
"17","031","711400","17031711400","7114",Census Tract 7114,G5020,S,"745157","0","+41.7336614","-087.6521168",6,9
"17","031","720100","17031720100","7201",Census Tract 7201,G5020,S,"1965312","0","+41.7276164","-087.6747355",6,9
"17","031","720200","17031720200","7202",Census Tract 7202,G5020,S,"1672473","0","+41.7130417","-087.6660545",6,9
"17","031","720300","17031720300","7203",Census Tract 7203,G5020,S,"1264753","0","+41.7139198","-087.6771439",6,9
"17","031","720400","17031720400","7204",Census Tract 7204,G5020,S,"663284","0","+41.7099918","-087.6866686",6,9
"17","031","720500","17031720500","7205",Census Tract 7205,G5020,S,"1042167","0","+41.7028353","-087.6891011",6,9
"17","031","720600","17031720600","7206",Census Tract 7206,G5020,S,"582372","0","+41.7027764","-087.6772070",6,9
"17","031","720700","17031720700","7207",Census Tract 7207,G5020,S,"1049859","0","+41.7031071","-087.6651388",6,9
"17","031","730100","17031730100","7301",Census Tract 7301,G5020,S,"656951","0","+41.7251952","-087.6384256",6,9
"17","031","730300","17031730300","7303",Census Tract 7303,G5020,S,"297371","0","+41.7274693","-087.6645667",6,9
"17","031","730400","17031730400","7304",Census Tract 7304,G5020,S,"1285204","0","+41.7178408","-087.6526479",6,9
"17","031","730500","17031730500","7305",Census Tract 7305,G5020,S,"1317608","0","+41.7142653","-087.6381377",6,9
"17","031","730600","17031730600","7306",Census Tract 7306,G5020,S,"1007256","0","+41.7106003","-087.6504857",6,9
"17","031","730700","17031730700","7307",Census Tract 7307,G5020,S,"988114","0","+41.7030817","-087.6500793",6,9
"17","031","740100","17031740100","7401",Census Tract 7401,G5020,S,"891330","0","+41.6972859","-087.6986083",6,9
"17","031","740200","17031740200","7402",Census Tract 7402,G5020,S,"1962882","0","+41.7047017","-087.7127057",6,9
"17","031","740300","17031740300","7403",Census Tract 7403,G5020,S,"1320728","0","+41.6950694","-087.7107233",6,9
"17","031","740400","17031740400","7404",Census Tract 7404,G5020,S,"2838803","0","+41.6872391","-087.7193158",6,9
"17","031","280800","17031280800","2808",Census Tract 2808,G5020,S,"237357","0","+41.8785967","-087.6889009",7,10
"17","031","301200","17031301200","3012",Census Tract 3012,G5020,S,"482205","0","+41.8484171","-087.6914771",7,10
"17","031","290900","17031290900","2909",Census Tract 2909,G5020,S,"996496","0","+41.8624103","-087.7324567",7,10
"17","031","291200","17031291200","2912",Census Tract 2912,G5020,S,"329138","0","+41.8626611","-087.7128746",7,10
"17","031","271500","17031271500","2715",Census Tract 2715,G5020,S,"162821","0","+41.8717861","-087.7131559",7,10
"17","031","292200","17031292200","2922",Census Tract 2922,G5020,S,"394160","0","+41.8566665","-087.7157306",7,10
"17","031","292400","17031292400","2924",Census Tract 2924,G5020,S,"330658","0","+41.8552397","-087.7223992",7,10
"17","031","292500","17031292500","2925",Census Tract 2925,G5020,S,"982499","0","+41.8551613","-087.7322428",7,10
"17","031","271800","17031271800","2718",Census Tract 2718,G5020,S,"205986","0","+41.8714964","-087.6984897",7,10
"17","031","300600","17031300600","3006",Census Tract 3006,G5020,S,"328182","0","+41.8479904","-087.7173343",7,10
"17","031","300700","17031300700","3007",Census Tract 3007,G5020,S,"329127","0","+41.8480720","-087.7124504",7,10
"17","031","301100","17031301100","3011",Census Tract 3011,G5020,S,"211425","0","+41.8470290","-087.6979734",7,10
"17","031","301600","17031301600","3016",Census Tract 3016,G5020,S,"329517","0","+41.8407572","-087.7122520",7,10
"17","031","260900","17031260900","2609",Census Tract 2609,G5020,S,"228195","0","+41.8710297","-087.7228141",7,10
"17","031","261000","17031261000","2610",Census Tract 2610,G5020,S,"499037","0","+41.8713379","-087.7320094",7,10
"17","031","260300","17031260300","2603",Census Tract 2603,G5020,S,"329187","0","+41.8842766","-087.7331362",7,10
"17","031","260500","17031260500","2605",Census Tract 2605,G5020,S,"337553","0","+41.8766639","-087.7377282",7,10
"17","031","260600","17031260600","2606",Census Tract 2606,G5020,S,"318825","0","+41.8771076","-087.7328670",7,10
"17","031","260700","17031260700","2607",Census Tract 2607,G5020,S,"329201","0","+41.8770565","-087.7279962",7,10
"17","031","260800","17031260800","2608",Census Tract 2608,G5020,S,"328945","0","+41.8770848","-087.7230964",7,10
"17","031","282700","17031282700","2827",Census Tract 2827,G5020,S,"439297","0","+41.8713668","-087.6886812",7,10
"17","031","252202","17031252202","2522.02",Census Tract 2522.02,G5020,S,"637446","0","+41.8767584","-087.7445832",7,10
"17","031","836800","17031836800","8368",Census Tract 8368,G5020,S,"801875","14139","+41.8850903","-087.7149666",7,10
"17","031","836600","17031836600","8366",Census Tract 8366,G5020,S,"634181","0","+41.8986973","-087.7088059",7,10
"17","031","837000","17031837000","8370",Census Tract 8370,G5020,S,"412544","0","+41.8783233","-087.6986739",7,10
"17","031","301801","17031301801","3018.01",Census Tract 3018.01,G5020,S,"694937","0","+41.8416597","-087.7350509",7,10
"17","031","301702","17031301702","3017.02",Census Tract 3017.02,G5020,S,"330989","0","+41.8388062","-087.7195244",7,10
"17","031","837400","17031837400","8374",Census Tract 8374,G5020,S,"591450","0","+41.8759745","-087.6938013",7,10
"17","031","837300","17031837300","8373",Census Tract 8373,G5020,S,"368498","0","+41.8716191","-087.7055524",7,10
"17","031","841500","17031841500","8415",Census Tract 8415,G5020,S,"432305","0","+41.8616224","-087.7079132",7,10
"17","031","838700","17031838700","8387",Census Tract 8387,G5020,S,"658085","0","+41.8625775","-087.7201851",7,10
"17","031","301802","17031301802","3018.02",Census Tract 3018.02,G5020,S,"345011","0","+41.8451846","-087.7277592",7,10
"17","031","301701","17031301701","3017.01",Census Tract 3017.01,G5020,S,"330773","0","+41.8424805","-087.7196254",7,10
"17","031","841300","17031841300","8413",Census Tract 8413,G5020,S,"1345364","68765","+41.8439774","-087.6842025",7,10
"17","031","840700","17031840700","8407",Census Tract 8407,G5020,S,"541526","0","+41.8529302","-087.6942666",7,10
"17","031","841600","17031841600","8416",Census Tract 8416,G5020,S,"159365","0","+41.8553771","-087.7076032",7,10
"17","031","841700","17031841700","8417",Census Tract 8417,G5020,S,"266794","0","+41.8531302","-087.7041819",7,10
"17","031","840800","17031840800","8408",Census Tract 8408,G5020,S,"328679","0","+41.8408329","-087.7073710",7,10
"17","031","841400","17031841400","8414",Census Tract 8414,G5020,S,"242487","0","+41.8533390","-087.7143926",7,10
"17","031","830500","17031830500","8305",Census Tract 8305,G5020,S,"3827807","285801","+41.8291246","-087.7193199",7,10
"17","031","251700","17031251700","2517",Census Tract 2517,G5020,S,"486655","0","+41.8913844","-087.7444793",7,10
"17","031","260100","17031260100","2601",Census Tract 2601,G5020,S,"325451","0","+41.8843707","-087.7233302",7,10
"17","031","260200","17031260200","2602",Census Tract 2602,G5020,S,"328451","0","+41.8843243","-087.7282302",7,10
"17","031","300500","17031300500","3005",Census Tract 3005,G5020,S,"271031","0","+41.8474251","-087.7219393",7,10
"17","031","300800","17031300800","3008",Census Tract 3008,G5020,S,"325846","0","+41.8481108","-087.7075818",7,10
"17","031","291600","17031291600","2916",Census Tract 2916,G5020,S,"220340","0","+41.8576415","-087.6922159",7,10
"17","031","251000","17031251000","2510",Census Tract 2510,G5020,S,"466955","0","+41.8986945","-087.7448924",7,10
"17","031","270500","17031270500","2705",Census Tract 2705,G5020,S,"561347","0","+41.8762402","-087.7177932",7,10
"17","031","271200","17031271200","2712",Census Tract 2712,G5020,S,"329808","0","+41.8773597","-087.7035621",7,10
"17","031","271300","17031271300","2713",Census Tract 2713,G5020,S,"327413","0","+41.8773040","-087.7084528",7,10
"17","031","271400","17031271400","2714",Census Tract 2714,G5020,S,"328376","0","+41.8772429","-087.7133314",7,10
"17","031","300900","17031300900","3009",Census Tract 3009,G5020,S,"327299","0","+41.8481796","-087.7026993",7,10
"17","031","260400","17031260400","2604",Census Tract 2604,G5020,S,"328225","0","+41.8842145","-087.7380411",7,10
"17","031","231200","17031231200","2312",Census Tract 2312,G5020,S,"656674","0","+41.8990614","-087.7213153",7,10
"17","031","231100","17031231100","2311",Census Tract 2311,G5020,S,"176381","0","+41.8992542","-087.7150684",7,10
"17","031","231500","17031231500","2315",Census Tract 2315,G5020,S,"999706","0","+41.8917357","-087.7186525",7,10
"17","031","842100","17031842100","8421",Census Tract 8421,G5020,S,"2034641","0","+41.8952785","-087.7336103",7,10
"17","031","843300","17031843300","8433",Census Tract 8433,G5020,S,"584251","0","+41.8637638","-087.6925503",7,10
"17","031","843000","17031843000","8430",Census Tract 8430,G5020,S,"1065861","0","+41.8679365","-087.7227489",7,10
"17","031","843100","17031843100","8431",Census Tract 8431,G5020,S,"980297","32379","+41.8626017","-087.6994529",7,10
"17","031","843500","17031843500","8435",Census Tract 8435,G5020,S,"1890168","143193","+41.8409834","-087.6975661",7,10
"17","031","838600","17031838600","8386",Census Tract 8386,G5020,S,"246251","0","+41.8678233","-087.7008236",7,10
"17","031","843400","17031843400","8434",Census Tract 8434,G5020,S,"656213","0","+41.8493274","-087.7320218",7,10
"17","031","301803","17031301803","3018.03",Census Tract 3018.03,G5020,S,"351050","0","+41.8395497","-087.7278708",7,10
"17","031","010300","17031010300","103",Census Tract 103,G5020,S,"472017","0","+42.0159407","-087.6665351",8,11
"17","031","010600","17031010600","106",Census Tract 106,G5020,S,"495017","0","+42.0062774","-087.6676830",8,11
"17","031","020100","17031020100","201",Census Tract 201,G5020,S,"411155","0","+42.0157210","-087.6871169",8,11
"17","031","020200","17031020200","202",Census Tract 202,G5020,S,"1241961","0","+42.0156903","-087.6995191",8,11
"17","031","020400","17031020400","204",Census Tract 204,G5020,S,"555577","0","+42.0084880","-087.6859118",8,11
"17","031","030200","17031030200","302",Census Tract 302,G5020,S,"666198","0","+41.9944414","-087.6652300",8,11
"17","031","030300","17031030300","303",Census Tract 303,G5020,S,"314151","0","+41.9943875","-087.6725348",8,11
"17","031","030400","17031030400","304",Census Tract 304,G5020,S,"346486","0","+41.9869515","-087.6720788",8,11
"17","031","030900","17031030900","309",Census Tract 309,G5020,S,"408716","0","+41.9797951","-087.6714454",8,11
"17","031","031000","17031031000","310",Census Tract 310,G5020,S,"424897","0","+41.9724370","-087.6711094",8,11
"17","031","010100","17031010100","101",Census Tract 101,G5020,S,"379751","0","+42.0212564","-087.6698316",8,11
"17","031","030500","17031030500","305",Census Tract 305,G5020,S,"618133","0","+41.9872260","-087.6649359",8,11
"17","031","020500","17031020500","205",Census Tract 205,G5020,S,"771656","0","+42.0013129","-087.6841982",8,11
"17","031","030102","17031030102","301.02",Census Tract 301.02,G5020,S,"113330","87128","+41.9930264","-087.6550225",8,11
"17","031","030103","17031030103","301.03",Census Tract 301.03,G5020,S,"86631","101282","+41.9955241","-087.6551527",8,11
"17","031","030706","17031030706","307.06",Census Tract 307.06,G5020,S,"392423","175618","+41.9804151","-087.6509155",8,11
"17","031","030601","17031030601","306.01",Census Tract 306.01,G5020,S,"150064","98467","+41.9889716","-087.6546087",8,11
"17","031","040401","17031040401","404.01",Census Tract 404.01,G5020,S,"385796","0","+41.9720667","-087.6860816",8,11
"17","031","030104","17031030104","301.04",Census Tract 301.04,G5020,S,"110578","70440","+41.9972773","-087.6559864",8,11
"17","031","010501","17031010501","105.01",Census Tract 105.01,G5020,S,"202133","0","+42.0094119","-087.6639583",8,11
"17","031","020701","17031020701","207.01",Census Tract 207.01,G5020,S,"591396","0","+41.9868915","-087.7036897",8,11
"17","031","010201","17031010201","102.01",Census Tract 102.01,G5020,S,"504464","0","+42.0160077","-087.6801484",8,11
"17","031","010702","17031010702","107.02",Census Tract 107.02,G5020,S,"357548","0","+42.0090199","-087.6727257",8,11
"17","031","010503","17031010503","105.03",Census Tract 105.03,G5020,S,"194213","0","+42.0003207","-087.6631262",8,11
"17","031","010502","17031010502","105.02",Census Tract 105.02,G5020,S,"180386","0","+42.0045173","-087.6633273",8,11
"17","031","010701","17031010701","107.01",Census Tract 107.01,G5020,S,"429692","0","+42.0091482","-087.6786204",8,11
"17","031","020902","17031020902","209.02",Census Tract 209.02,G5020,S,"501889","0","+41.9942585","-087.6786841",8,11
"17","031","020302","17031020302","203.02",Census Tract 203.02,G5020,S,"639920","0","+42.0085406","-087.6949634",8,11
"17","031","020601","17031020601","206.01",Census Tract 206.01,G5020,S,"591326","0","+42.0008746","-087.7018025",8,11
"17","031","020301","17031020301","203.01",Census Tract 203.01,G5020,S,"825541","0","+42.0068651","-087.7051865",8,11
"17","031","020802","17031020802","208.02",Census Tract 208.02,G5020,S,"644017","0","+41.9940592","-087.6946306",8,11
"17","031","020702","17031020702","207.02",Census Tract 207.02,G5020,S,"704327","0","+41.9941256","-087.7048939",8,11
"17","031","020801","17031020801","208.01",Census Tract 208.01,G5020,S,"655953","0","+41.9868081","-087.6944149",8,11
"17","031","040202","17031040202","402.02",Census Tract 402.02,G5020,S,"588656","0","+41.9798549","-087.6940960",8,11
"17","031","040201","17031040201","402.01",Census Tract 402.01,G5020,S,"721413","0","+41.9725804","-087.6940005",8,11
"17","031","040402","17031040402","404.02",Census Tract 404.02,G5020,S,"602582","0","+41.9725450","-087.6788181",8,11
"17","031","030703","17031030703","307.03",Census Tract 307.03,G5020,S,"198290","0","+41.9788749","-087.6578708",8,11
"17","031","030702","17031030702","307.02",Census Tract 307.02,G5020,S,"22158","0","+41.9808148","-087.6545286",8,11
"17","031","030604","17031030604","306.04",Census Tract 306.04,G5020,S,"198296","89530","+41.9858707","-087.6524546",8,11
"17","031","030800","17031030800","308",Census Tract 308,G5020,S,"567414","0","+41.9799123","-087.6641880",8,11
"17","031","031100","17031031100","311",Census Tract 311,G5020,S,"549965","0","+41.9726684","-087.6638662",8,11
"17","031","031300","17031031300","313",Census Tract 313,G5020,S,"632210","466785","+41.9737646","-087.6465298",8,11
"17","031","040100","17031040100","401",Census Tract 401,G5020,S,"1972511","29163","+41.9856223","-087.6828856",8,11
"17","031","040300","17031040300","403",Census Tract 403,G5020,S,"752565","14886","+41.9769437","-087.7019832",8,11
"17","031","031200","17031031200","312",Census Tract 312,G5020,S,"326475","0","+41.9727092","-087.6573410",8,11
"17","031","020602","17031020602","206.02",Census Tract 206.02,G5020,S,"492027","0","+42.0013156","-087.6936373",8,11
"17","031","020901","17031020901","209.01",Census Tract 209.01,G5020,S,"485422","2818","+41.9943922","-087.6854736",8,11
"17","031","010202","17031010202","102.02",Census Tract 102.02,G5020,S,"351758","0","+42.0160507","-087.6733216",8,11
"17","031","830600","17031830600","8306",Census Tract 8306,G5020,S,"661394","0","+42.0016980","-087.6735738",8,11
"17","031","030603","17031030603","306.03",Census Tract 306.03,G5020,S,"116000","0","+41.9854762","-087.6583979",8,11
"17","031","030101","17031030101","301.01",Census Tract 301.01,G5020,S,"127283","110999","+41.9910538","-087.6548790",8,11
"17","031","030701","17031030701","307.01",Census Tract 307.01,G5020,S,"69878","0","+41.9827453","-087.6579659",8,11
"17","031","251400","17031251400","2514",Census Tract 2514,G5020,S,"688029","0","+41.8909574","-087.7701248",9,12
"17","031","252102","17031252102","2521.02",Census Tract 2521.02,G5020,S,"668487","0","+41.8765922","-087.7598116",9,12
"17","031","220901","17031220901","2209.01",Census Tract 2209.01,G5020,S,"293288","0","+41.9191816","-087.7212483",9,12
"17","031","252101","17031252101","2521.01",Census Tract 2521.01,G5020,S,"829724","24575","+41.8738812","-087.7698552",9,12
"17","031","831300","17031831300","8313",Census Tract 8313,G5020,S,"576183","0","+41.9077662","-087.7442596",9,12
"17","031","831400","17031831400","8314",Census Tract 8314,G5020,S,"2104282","0","+41.8691188","-087.7560884",9,12
"17","031","190402","17031190402","1904.02",Census Tract 1904.02,G5020,S,"653980","0","+41.9348596","-087.7712318",9,12
"17","031","190602","17031190602","1906.02",Census Tract 1906.02,G5020,S,"621354","0","+41.9275604","-087.7707371",9,12
"17","031","190401","17031190401","1904.01",Census Tract 1904.01,G5020,S,"655475","0","+41.9347276","-087.7809524",9,12
"17","031","190702","17031190702","1907.02",Census Tract 1907.02,G5020,S,"383493","0","+41.9261631","-087.7610395",9,12
"17","031","191302","17031191302","1913.02",Census Tract 1913.02,G5020,S,"631185","0","+41.9202289","-087.7705334",9,12
"17","031","190601","17031190601","1906.01",Census Tract 1906.01,G5020,S,"690034","0","+41.9274146","-087.7804606",9,12
"17","031","191301","17031191301","1913.01",Census Tract 1913.01,G5020,S,"674995","0","+41.9201522","-087.7802655",9,12
"17","031","200402","17031200402","2004.02",Census Tract 2004.02,G5020,S,"386205","0","+41.9196348","-087.7296789",9,12
"17","031","200401","17031200401","2004.01",Census Tract 2004.01,G5020,S,"402815","0","+41.9198285","-087.7375419",9,12
"17","031","220902","17031220902","2209.02",Census Tract 2209.02,G5020,S,"330304","0","+41.9227112","-087.7218357",9,12
"17","031","210501","17031210501","2105.01",Census Tract 2105.01,G5020,S,"313076","0","+41.9374013","-087.7223301",9,12
"17","031","210502","17031210502","2105.02",Census Tract 2105.02,G5020,S,"345944","0","+41.9337846","-087.7220524",9,12
"17","031","191000","17031191000","1910",Census Tract 1910,G5020,S,"434313","0","+41.9192297","-087.7438010",9,12
"17","031","170900","17031170900","1709",Census Tract 1709,G5020,S,"320577","0","+41.9361959","-087.8116057",9,12
"17","031","180100","17031180100","1801",Census Tract 1801,G5020,S,"1071402","0","+41.9344884","-087.7986091",9,12
"17","031","190100","17031190100","1901",Census Tract 1901,G5020,S,"316148","0","+41.9352176","-087.7443889",9,12
"17","031","251500","17031251500","2515",Census Tract 2515,G5020,S,"683926","0","+41.8911035","-087.7603538",9,12
"17","031","251600","17031251600","2516",Census Tract 2516,G5020,S,"480786","0","+41.8914065","-087.7518037",9,12
"17","031","251800","17031251800","2518",Census Tract 2518,G5020,S,"997741","0","+41.8841436","-087.7478885",9,12
"17","031","251900","17031251900","2519",Census Tract 2519,G5020,S,"632452","0","+41.8838116","-087.7600945",9,12
"17","031","252000","17031252000","2520",Census Tract 2520,G5020,S,"624594","0","+41.8836759","-087.7698798",9,12
"17","031","190200","17031190200","1902",Census Tract 1902,G5020,S,"660108","0","+41.9351136","-087.7516489",9,12
"17","031","190300","17031190300","1903",Census Tract 1903,G5020,S,"660302","0","+41.9349864","-087.7614635",9,12
"17","031","190800","17031190800","1908",Census Tract 1908,G5020,S,"661317","0","+41.9278186","-087.7513624",9,12
"17","031","222900","17031222900","2229",Census Tract 2229,G5020,S,"218387","0","+41.9155644","-087.7200744",9,12
"17","031","200300","17031200300","2003",Census Tract 2003,G5020,S,"250668","0","+41.9234806","-087.7341264",9,12
"17","031","190900","17031190900","1909",Census Tract 1909,G5020,S,"314637","0","+41.9279225","-087.7441048",9,12
"17","031","191200","17031191200","1912",Census Tract 1912,G5020,S,"705577","0","+41.9201432","-087.7608269",9,12
"17","031","200100","17031200100","2001",Census Tract 2001,G5020,S,"584862","0","+41.9350552","-087.7376226",9,12
"17","031","200200","17031200200","2002",Census Tract 2002,G5020,S,"818684","0","+41.9278523","-087.7356282",9,12
"17","031","230400","17031230400","2304",Census Tract 2304,G5020,S,"338516","0","+41.9118202","-087.7215520",9,12
"17","031","230500","17031230500","2305",Census Tract 2305,G5020,S,"526593","0","+41.9116892","-087.7339434",9,12
"17","031","210400","17031210400","2104",Census Tract 2104,G5020,S,"421549","0","+41.9357450","-087.7303057",9,12
"17","031","230700","17031230700","2307",Census Tract 2307,G5020,S,"647089","0","+41.9063229","-087.7215397",9,12
"17","031","230600","17031230600","2306",Census Tract 2306,G5020,S,"1010886","0","+41.9061550","-087.7339986",9,12
"17","031","220701","17031220701","2207.01",Census Tract 2207.01,G5020,S,"266386","0","+41.9261554","-087.7215651",9,12
"17","031","252201","17031252201","2522.01",Census Tract 2522.01,G5020,S,"386790","0","+41.8766958","-087.7521051",9,12
"17","031","250200","17031250200","2502",Census Tract 2502,G5020,S,"499204","0","+41.9123508","-087.7510730",9,12
"17","031","250300","17031250300","2503",Census Tract 2503,G5020,S,"617326","0","+41.9128419","-087.7608408",9,12
"17","031","250400","17031250400","2504",Census Tract 2504,G5020,S,"1309879","0","+41.9129080","-087.7753942",9,12
"17","031","250500","17031250500","2505",Census Tract 2505,G5020,S,"2061581","0","+41.9146180","-087.7967960",9,12
"17","031","250600","17031250600","2506",Census Tract 2506,G5020,S,"647765","0","+41.9056935","-087.7706303",9,12
"17","031","250700","17031250700","2507",Census Tract 2507,G5020,S,"662320","0","+41.9058206","-087.7608128",9,12
"17","031","250800","17031250800","2508",Census Tract 2508,G5020,S,"574711","0","+41.9061855","-087.7514741",9,12
"17","031","251100","17031251100","2511",Census Tract 2511,G5020,S,"496455","0","+41.8986248","-087.7520112",9,12
"17","031","251200","17031251200","2512",Census Tract 2512,G5020,S,"662289","0","+41.8985491","-087.7606040",9,12
"17","031","251300","17031251300","2513",Census Tract 2513,G5020,S,"653465","0","+41.8984251","-087.7703849",9,12
"17","031","191100","17031191100","1911",Census Tract 1911,G5020,S,"822433","0","+41.9196293","-087.7509763",9,12
"17","031","190701","17031190701","1907.01",Census Tract 1907.01,G5020,S,"277868","0","+41.9297959","-087.7614217",9,12
"17","031","220702","17031220702","2207.02",Census Tract 2207.02,G5020,S,"575196","0","+41.9293687","-087.7242313",9,12
"17","031","831500","17031831500","8315",Census Tract 8315,G5020,S,"959643","0","+41.9275695","-087.7879983",9,12
"17","031","831600","17031831600","8316",Census Tract 8316,G5020,S,"1488846","0","+41.9256105","-087.7976148",9,12
"17","031","831200","17031831200","8312",Census Tract 8312,G5020,S,"574047","0","+41.9153214","-087.7322600",9,12
"17","031","611800","17031611800","6118",Census Tract 6118,G5020,S,"327809","0","+41.7976477","-087.6671138",10,13
"17","031","600600","17031600600","6006",Census Tract 6006,G5020,S,"394134","11665","+41.8424685","-087.6557510",10,13
"17","031","610400","17031610400","6104",Census Tract 6104,G5020,S,"163180","0","+41.8103984","-087.6674491",10,13
"17","031","630400","17031630400","6304",Census Tract 6304,G5020,S,"658248","0","+41.7972545","-087.6987811",10,13
"17","031","630200","17031630200","6302",Census Tract 6302,G5020,S,"634189","0","+41.8027454","-087.6940453",10,13
"17","031","630500","17031630500","6305",Census Tract 6305,G5020,S,"657659","0","+41.7974279","-087.6890171",10,13
"17","031","842800","17031842800","8428",Census Tract 8428,G5020,S,"1516560","0","+41.8075339","-087.6983044",10,13
"17","031","843800","17031843800","8438",Census Tract 8438,G5020,S,"1309516","0","+41.8016566","-087.6404756",10,13
"17","031","580501","17031580501","5805.01",Census Tract 5805.01,G5020,S,"492117","0","+41.8199860","-087.6994962",10,13
"17","031","580502","17031580502","5805.02",Census Tract 5805.02,G5020,S,"494416","0","+41.8145617","-087.6993102",10,13
"17","031","841100","17031841100","8411",Census Tract 8411,G5020,S,"1117345","28895","+41.8516438","-087.6356612",10,13
"17","031","840200","17031840200","8402",Census Tract 8402,G5020,S,"826355","36519","+41.8446476","-087.6492096",10,13
"17","031","840100","17031840100","8401",Census Tract 8401,G5020,S,"332956","0","+41.8418308","-087.6392030",10,13
"17","031","840400","17031840400","8404",Census Tract 8404,G5020,S,"977537","22800","+41.8339264","-087.6671616",10,13
"17","031","835500","17031835500","8355",Census Tract 8355,G5020,S,"914549","0","+41.8163534","-087.6325415",10,13
"17","031","611600","17031611600","6116",Census Tract 6116,G5020,S,"315136","0","+41.7975955","-087.6767426",10,13
"17","031","340400","17031340400","3404",Census Tract 3404,G5020,S,"290316","0","+41.8418857","-087.6320356",10,13
"17","031","611700","17031611700","6117",Census Tract 6117,G5020,S,"328310","0","+41.7975991","-087.6719762",10,13
"17","031","580800","17031580800","5808",Census Tract 5808,G5020,S,"183294","0","+41.8102197","-087.6866436",10,13
"17","031","835600","17031835600","8356",Census Tract 8356,G5020,S,"917505","0","+41.8018345","-087.6322016",10,13
"17","031","840000","17031840000","8400",Census Tract 8400,G5020,S,"591217","0","+41.8311713","-087.6382978",10,13
"17","031","600700","17031600700","6007",Census Tract 6007,G5020,S,"447251","39858","+41.8407816","-087.6605430",10,13
"17","031","600900","17031600900","6009",Census Tract 6009,G5020,S,"382319","0","+41.8365130","-087.6531428",10,13
"17","031","610300","17031610300","6103",Census Tract 6103,G5020,S,"2383657","0","+41.8161779","-087.6751022",10,13
"17","031","610800","17031610800","6108",Census Tract 6108,G5020,S,"331962","0","+41.8127078","-087.6384084",10,13
"17","031","611000","17031611000","6110",Census Tract 6110,G5020,S,"571300","0","+41.8047714","-087.6499381",10,13
"17","031","611100","17031611100","6111",Census Tract 6111,G5020,S,"326779","0","+41.8050589","-087.6575817",10,13
"17","031","611300","17031611300","6113",Census Tract 6113,G5020,S,"327029","0","+41.8049362","-087.6673039",10,13
"17","031","611400","17031611400","6114",Census Tract 6114,G5020,S,"326619","0","+41.8048929","-087.6721661",10,13
"17","031","611500","17031611500","6115",Census Tract 6115,G5020,S,"487798","0","+41.8054467","-087.6786579",10,13
"17","031","611900","17031611900","6119",Census Tract 6119,G5020,S,"612381","41168","+41.7985375","-087.6595552",10,13
"17","031","612000","17031612000","6120",Census Tract 6120,G5020,S,"325911","0","+41.7978466","-087.6525360",10,13
"17","031","612100","17031612100","6121",Census Tract 6121,G5020,S,"326357","0","+41.7979128","-087.6476808",10,13
"17","031","630100","17031630100","6301",Census Tract 6301,G5020,S,"508073","0","+41.7992713","-087.6816688",10,13
"17","031","611200","17031611200","6112",Census Tract 6112,G5020,S,"327038","0","+41.8049939","-087.6624414",10,13
"17","031","580100","17031580100","5801",Census Tract 5801,G5020,S,"763337","0","+41.8280549","-087.6907463",10,13
"17","031","580200","17031580200","5802",Census Tract 5802,G5020,S,"729817","0","+41.8267718","-087.6993478",10,13
"17","031","580300","17031580300","5803",Census Tract 5803,G5020,S,"471020","0","+41.8251876","-087.7089340",10,13
"17","031","580600","17031580600","5806",Census Tract 5806,G5020,S,"492790","0","+41.8173978","-087.6920314",10,13
"17","031","580700","17031580700","5807",Census Tract 5807,G5020,S,"550116","0","+41.8174935","-087.6868459",10,13
"17","031","590500","17031590500","5905",Census Tract 5905,G5020,S,"572106","24222","+41.8248978","-087.6804596",10,13
"17","031","590600","17031590600","5906",Census Tract 5906,G5020,S,"347982","0","+41.8268332","-087.6729244",10,13
"17","031","340300","17031340300","3403",Census Tract 3403,G5020,S,"213538","0","+41.8428058","-087.6357881",10,13
"17","031","340500","17031340500","3405",Census Tract 3405,G5020,S,"435447","0","+41.8345181","-087.6329169",10,13
"17","031","340600","17031340600","3406",Census Tract 3406,G5020,S,"474809","0","+41.8274278","-087.6325215",10,13
"17","031","590700","17031590700","5907",Census Tract 5907,G5020,S,"869830","12614","+41.8260539","-087.6627888",10,13
"17","031","600400","17031600400","6004",Census Tract 6004,G5020,S,"327229","0","+41.8417183","-087.6439322",10,13
"17","031","839900","17031839900","8399",Census Tract 8399,G5020,S,"1153324","13899","+41.8273459","-087.6484540",10,13
"17","031","839700","17031839700","8397",Census Tract 8397,G5020,S,"618387","13451","+41.8336508","-087.6519488",10,13
"17","031","839800","17031839800","8398",Census Tract 8398,G5020,S,"266175","0","+41.8350674","-087.6431623",10,13
"17","031","840300","17031840300","8403",Census Tract 8403,G5020,S,"831049","0","+41.8320970","-087.6818813",10,13
"17","031","842600","17031842600","8426",Census Tract 8426,G5020,S,"3679417","0","+41.8162186","-087.6516951",10,13
"17","031","100200","17031100200","1002",Census Tract 1002,G5020,S,"2104698","0","+41.9956583","-087.7943145",11,1
"17","031","130200","17031130200","1302",Census Tract 1302,G5020,S,"2075997","3028","+41.9818378","-087.7375733",11,1
"17","031","110100","17031110100","1101",Census Tract 1101,G5020,S,"1844324","0","+41.9874756","-087.7696729",11,1
"17","031","130100","17031130100","1301",Census Tract 1301,G5020,S,"1839633","0","+41.9911040","-087.7208089",11,1
"17","031","170200","17031170200","1702",Census Tract 1702,G5020,S,"653046","0","+41.9493528","-087.7815188",11,1
"17","031","170300","17031170300","1703",Census Tract 1703,G5020,S,"1398898","0","+41.9491248","-087.7968278",11,1
"17","031","170400","17031170400","1704",Census Tract 1704,G5020,S,"769031","0","+41.9489081","-087.8127107",11,1
"17","031","170500","17031170500","1705",Census Tract 1705,G5020,S,"1539539","0","+41.9500779","-087.8288957",11,1
"17","031","170600","17031170600","1706",Census Tract 1706,G5020,S,"566548","0","+41.9412943","-087.8307016",11,1
"17","031","170700","17031170700","1707",Census Tract 1707,G5020,S,"579654","0","+41.9414866","-087.8221640",11,1
"17","031","170800","17031170800","1708",Census Tract 1708,G5020,S,"730332","0","+41.9415761","-087.8123713",11,1
"17","031","110501","17031110501","1105.01",Census Tract 1105.01,G5020,S,"791607","0","+41.9770023","-087.7619249",11,1
"17","031","760801","17031760801","7608.01",Census Tract 7608.01,G5020,S,"1300063","0","+41.9834867","-087.8448495",11,1
"17","031","760803","17031760803","7608.03",Census Tract 7608.03,G5020,S,"760718","0","+41.9753473","-087.8441529",11,1
"17","031","150501","17031150501","1505.01",Census Tract 1505.01,G5020,S,"698792","0","+41.9644762","-087.7819639",11,1
"17","031","150401","17031150401","1504.01",Census Tract 1504.01,G5020,S,"738023","0","+41.9645676","-087.7722648",11,1
"17","031","150502","17031150502","1505.02",Census Tract 1505.02,G5020,S,"684583","0","+41.9567784","-087.7818414",11,1
"17","031","110502","17031110502","1105.02",Census Tract 1105.02,G5020,S,"649329","0","+41.9702865","-087.7598523",11,1
"17","031","150402","17031150402","1504.02",Census Tract 1504.02,G5020,S,"662508","0","+41.9567979","-087.7720436",11,1
"17","031","140302","17031140302","1403.02",Census Tract 1403.02,G5020,S,"421895","0","+41.9725485","-087.7237891",11,1
"17","031","140301","17031140301","1403.01",Census Tract 1403.01,G5020,S,"164129","0","+41.9692055","-087.7231695",11,1
"17","031","140702","17031140702","1407.02",Census Tract 1407.02,G5020,S,"427095","0","+41.9635482","-087.7135753",11,1
"17","031","140602","17031140602","1406.02",Census Tract 1406.02,G5020,S,"384380","0","+41.9646520","-087.7210166",11,1
"17","031","140701","17031140701","1407.01",Census Tract 1407.01,G5020,S,"228328","0","+41.9670375","-087.7126524",11,1
"17","031","160502","17031160502","1605.02",Census Tract 1605.02,G5020,S,"310887","0","+41.9555841","-087.7130876",11,1
"17","031","160602","17031160602","1606.02",Census Tract 1606.02,G5020,S,"570721","16735","+41.9566814","-087.7004635",11,1
"17","031","151002","17031151002","1510.02",Census Tract 1510.02,G5020,S,"637151","0","+41.9424917","-087.7471554",11,1
"17","031","151001","17031151001","1510.01",Census Tract 1510.01,G5020,S,"330135","0","+41.9423826","-087.7543527",11,1
"17","031","160601","17031160601","1606.01",Census Tract 1606.01,G5020,S,"328031","0","+41.9593980","-087.7032936",11,1
"17","031","760802","17031760802","7608.02",Census Tract 7608.02,G5020,S,"6189567","24085","+41.9561268","-087.8426210",11,1
"17","031","140601","17031140601","1406.01",Census Tract 1406.01,G5020,S,"272123","0","+41.9646471","-087.7258909",11,1
"17","031","160501","17031160501","1605.01",Census Tract 1605.01,G5020,S,"345248","0","+41.9592098","-087.7129732",11,1
"17","031","171000","17031171000","1710",Census Tract 1710,G5020,S,"1393039","0","+41.9418072","-087.7965238",11,1
"17","031","171100","17031171100","1711",Census Tract 1711,G5020,S,"666147","0","+41.9420528","-087.7812865",11,1
"17","031","130300","17031130300","1303",Census Tract 1303,G5020,S,"721103","0","+41.9865589","-087.7133915",11,1
"17","031","210100","17031210100","2101",Census Tract 2101,G5020,S,"836118","17979","+41.9446571","-087.7005442",11,1
"17","031","100500","17031100500","1005",Census Tract 1005,G5020,S,"1957557","0","+41.9780598","-087.8197335",11,1
"17","031","110400","17031110400","1104",Census Tract 1104,G5020,S,"933971","0","+41.9729536","-087.7726114",11,1
"17","031","150600","17031150600","1506",Census Tract 1506,G5020,S,"656191","0","+41.9494731","-087.7717578",11,1
"17","031","150700","17031150700","1507",Census Tract 1507,G5020,S,"662396","0","+41.9495915","-087.7619580",11,1
"17","031","150800","17031150800","1508",Census Tract 1508,G5020,S,"661051","0","+41.9497086","-087.7521182",11,1
"17","031","151100","17031151100","1511",Census Tract 1511,G5020,S,"660846","0","+41.9422903","-087.7617175",11,1
"17","031","151200","17031151200","1512",Census Tract 1512,G5020,S,"655584","0","+41.9421690","-087.7714953",11,1
"17","031","160100","17031160100","1601",Census Tract 1601,G5020,S,"593563","0","+41.9646284","-087.7427951",11,1
"17","031","160200","17031160200","1602",Census Tract 1602,G5020,S,"957173","0","+41.9587937","-087.7384000",11,1
"17","031","160300","17031160300","1603",Census Tract 1603,G5020,S,"426175","0","+41.9572682","-087.7308958",11,1
"17","031","160400","17031160400","1604",Census Tract 1604,G5020,S,"657337","0","+41.9573657","-087.7228239",11,1
"17","031","160700","17031160700","1607",Census Tract 1607,G5020,S,"773893","16585","+41.9512177","-087.7021347",11,1
"17","031","160800","17031160800","1608",Census Tract 1608,G5020,S,"657623","0","+41.9502131","-087.7128146",11,1
"17","031","160900","17031160900","1609",Census Tract 1609,G5020,S,"657736","0","+41.9500821","-087.7226082",11,1
"17","031","161000","17031161000","1610",Census Tract 1610,G5020,S,"426501","0","+41.9499766","-087.7306829",11,1
"17","031","161100","17031161100","1611",Census Tract 1611,G5020,S,"576830","0","+41.9498800","-087.7381550",11,1
"17","031","161200","17031161200","1612",Census Tract 1612,G5020,S,"517850","0","+41.9425489","-087.7385701",11,1
"17","031","161300","17031161300","1613",Census Tract 1613,G5020,S,"497601","0","+41.9426994","-087.7310023",11,1
"17","031","170100","17031170100","1701",Census Tract 1701,G5020,S,"1014644","0","+41.9558596","-087.7948168",11,1
"17","031","120100","17031120100","1201",Census Tract 1201,G5020,S,"2789745","0","+42.0019817","-087.7750065",11,1
"17","031","090200","17031090200","902",Census Tract 902,G5020,S,"1529762","0","+42.0055940","-087.8130961",11,1
"17","031","090100","17031090100","901",Census Tract 901,G5020,S,"933123","0","+42.0152551","-087.8135847",11,1
"17","031","090300","17031090300","903",Census Tract 903,G5020,S,"475842","0","+41.9991127","-087.8163644",11,1
"17","031","100100","17031100100","1001",Census Tract 1001,G5020,S,"1182384","0","+41.9895840","-087.7830136",11,1
"17","031","100300","17031100300","1003",Census Tract 1003,G5020,S,"2286205","0","+41.9887024","-087.8044027",11,1
"17","031","140100","17031140100","1401",Census Tract 1401,G5020,S,"282494","5489","+41.9712014","-087.7058050",11,1
"17","031","140200","17031140200","1402",Census Tract 1402,G5020,S,"394455","0","+41.9706949","-087.7130043",11,1
"17","031","140400","17031140400","1404",Census Tract 1404,G5020,S,"1181559","0","+41.9715371","-087.7389429",11,1
"17","031","140500","17031140500","1405",Census Tract 1405,G5020,S,"452819","0","+41.9653619","-087.7318319",11,1
"17","031","100400","17031100400","1004",Census Tract 1004,G5020,S,"971799","0","+41.9889687","-087.8180411",11,1
"17","031","100600","17031100600","1006",Census Tract 1006,G5020,S,"1282466","0","+41.9792049","-087.7974007",11,1
"17","031","100700","17031100700","1007",Census Tract 1007,G5020,S,"1215251","0","+41.9721235","-087.7976295",11,1
"17","031","110200","17031110200","1102",Census Tract 1102,G5020,S,"596253","0","+41.9800699","-087.7734442",11,1
"17","031","150200","17031150200","1502",Census Tract 1502,G5020,S,"1326781","0","+41.9606747","-087.7524131",11,1
"17","031","150300","17031150300","1503",Census Tract 1503,G5020,S,"1326511","0","+41.9605179","-087.7622859",11,1
"17","031","140800","17031140800","1408",Census Tract 1408,G5020,S,"714363","11508","+41.9645144","-087.7028469",11,1
"17","031","120200","17031120200","1202",Census Tract 1202,G5020,S,"2394584","0","+41.9945319","-087.7576108",11,1
"17","031","120300","17031120300","1203",Census Tract 1203,G5020,S,"2055073","0","+41.9911122","-087.7400660",11,1
"17","031","120400","17031120400","1204",Census Tract 1204,G5020,S,"1064699","0","+41.9772355","-087.7521624",11,1
"17","031","110300","17031110300","1103",Census Tract 1103,G5020,S,"1210672","0","+41.9752907","-087.7832349",11,1
"17","031","831800","17031831800","8318",Census Tract 8318,G5020,S,"1903563","0","+41.9782333","-087.7164527",11,1
"17","031","831700","17031831700","8317",Census Tract 8317,G5020,S,"532282","0","+41.9526506","-087.7452551",11,1
"17","031","831100","17031831100","8311",Census Tract 8311,G5020,S,"1315160","0","+41.9428559","-087.7174955",11,1
"17","031","060200","17031060200","602",Census Tract 602,G5020,S,"318279","0","+41.9579036","-087.6715175",12,2
"17","031","061200","17031061200","612",Census Tract 612,G5020,S,"174670","0","+41.9490599","-087.6616427",12,2
"17","031","031400","17031031400","314",Census Tract 314,G5020,S,"1489274","1040213","+41.9584475","-087.6424095",12,2
"17","031","040900","17031040900","409",Census Tract 409,G5020,S,"321854","0","+41.9631847","-087.6838544",12,2
"17","031","050200","17031050200","502",Census Tract 502,G5020,S,"652253","0","+41.9577405","-087.6837168",12,2
"17","031","050300","17031050300","503",Census Tract 503,G5020,S,"380031","14700","+41.9578851","-087.6904442",12,2
"17","031","031800","17031031800","318",Census Tract 318,G5020,S,"235150","0","+41.9670114","-087.6706209",12,2
"17","031","031700","17031031700","317",Census Tract 317,G5020,S,"477478","0","+41.9654466","-087.6631954",12,2
"17","031","050600","17031050600","506",Census Tract 506,G5020,S,"332317","0","+41.9505477","-087.6761824",12,2
"17","031","050500","17031050500","505",Census Tract 505,G5020,S,"652578","0","+41.9504474","-087.6835073",12,2
"17","031","062300","17031062300","623",Census Tract 623,G5020,S,"163311","0","+41.9416278","-087.6614432",12,2
"17","031","050700","17031050700","507",Census Tract 507,G5020,S,"164326","0","+41.9450710","-087.6760595",12,2
"17","031","050900","17031050900","509",Census Tract 509,G5020,S,"162724","0","+41.9449466","-087.6857780",12,2
"17","031","051000","17031051000","510",Census Tract 510,G5020,S,"166636","0","+41.9413024","-087.6857317",12,2
"17","031","051100","17031051100","511",Census Tract 511,G5020,S,"162702","0","+41.9413652","-087.6808266",12,2
"17","031","051200","17031051200","512",Census Tract 512,G5020,S,"164642","0","+41.9414214","-087.6759521",12,2
"17","031","061902","17031061902","619.02",Census Tract 619.02,G5020,S,"275608","585774","+41.9466985","-087.6390645",12,2
"17","031","063303","17031063303","633.03",Census Tract 633.03,G5020,S,"236591","0","+41.9347312","-087.6346613",12,2
"17","031","070101","17031070101","701.01",Census Tract 701.01,G5020,S,"532229","665646","+41.9295225","-087.6323247",12,2
"17","031","832100","17031832100","8321",Census Tract 8321,G5020,S,"222094","0","+41.9528215","-087.6532414",12,2
"17","031","031501","17031031501","315.01",Census Tract 315.01,G5020,S,"159412","0","+41.9672886","-087.6524343",12,2
"17","031","063301","17031063301","633.01",Census Tract 633.01,G5020,S,"93840","0","+41.9345408","-087.6430240",12,2
"17","031","061901","17031061901","619.01",Census Tract 619.01,G5020,S,"161112","0","+41.9432443","-087.6434585",12,2
"17","031","031502","17031031502","315.02",Census Tract 315.02,G5020,S,"161705","0","+41.9636326","-087.6523656",12,2
"17","031","070102","17031070102","701.02",Census Tract 701.02,G5020,S,"124703","0","+41.9305829","-087.6422020",12,2
"17","031","031900","17031031900","319",Census Tract 319,G5020,S,"257670","0","+41.9633740","-087.6701841",12,2
"17","031","061800","17031061800","618",Census Tract 618,G5020,S,"82769","0","+41.9464901","-087.6471147",12,2
"17","031","050800","17031050800","508",Census Tract 508,G5020,S,"162818","0","+41.9450095","-087.6809279",12,2
"17","031","032100","17031032100","321",Census Tract 321,G5020,S,"431027","0","+41.9581538","-087.6530179",12,2
"17","031","060900","17031060900","609",Census Tract 609,G5020,S,"499066","404435","+41.9515166","-087.6417784",12,2
"17","031","061000","17031061000","610",Census Tract 610,G5020,S,"172815","0","+41.9492206","-087.6519703",12,2
"17","031","063302","17031063302","633.02",Census Tract 633.02,G5020,S,"121199","0","+41.9347647","-087.6398540",12,2
"17","031","051400","17031051400","514",Census Tract 514,G5020,S,"346283","12601","+41.9354420","-087.6809594",12,2
"17","031","060100","17031060100","601",Census Tract 601,G5020,S,"325545","0","+41.9575311","-087.6666112",12,2
"17","031","060300","17031060300","603",Census Tract 603,G5020,S,"319839","0","+41.9506049","-087.6713327",12,2
"17","031","060800","17031060800","608",Census Tract 608,G5020,S,"181490","65882","+41.9539590","-087.6426489",12,2
"17","031","051300","17031051300","513",Census Tract 513,G5020,S,"322017","0","+41.9359961","-087.6758403",12,2
"17","031","040600","17031040600","406",Census Tract 406,G5020,S,"331259","0","+41.9668338","-087.6840181",12,2
"17","031","040700","17031040700","407",Census Tract 407,G5020,S,"342084","15337","+41.9674314","-087.6940682",12,2
"17","031","040800","17031040800","408",Census Tract 408,G5020,S,"217717","11487","+41.9639740","-087.6918213",12,2
"17","031","050100","17031050100","501",Census Tract 501,G5020,S,"334634","0","+41.9578451","-087.6763730",12,2
"17","031","061100","17031061100","611",Census Tract 611,G5020,S,"173036","0","+41.9491398","-087.6568035",12,2
"17","031","061500","17031061500","615",Census Tract 615,G5020,S,"162913","0","+41.9452818","-087.6615447",12,2
"17","031","062000","17031062000","620",Census Tract 620,G5020,S,"224975","0","+41.9425769","-087.6470786",12,2
"17","031","062100","17031062100","621",Census Tract 621,G5020,S,"244805","0","+41.9426914","-087.6517704",12,2
"17","031","062200","17031062200","622",Census Tract 622,G5020,S,"242322","0","+41.9425847","-087.6566440",12,2
"17","031","063000","17031063000","630",Census Tract 630,G5020,S,"324350","0","+41.9363102","-087.6515617",12,2
"17","031","062500","17031062500","625",Census Tract 625,G5020,S,"161003","0","+41.9414880","-087.6711073",12,2
"17","031","062600","17031062600","626",Census Tract 626,G5020,S,"330019","0","+41.9359751","-087.6709843",12,2
"17","031","062700","17031062700","627",Census Tract 627,G5020,S,"325098","0","+41.9360862","-087.6661103",12,2
"17","031","062800","17031062800","628",Census Tract 628,G5020,S,"325609","0","+41.9361586","-087.6612648",12,2
"17","031","062900","17031062900","629",Census Tract 629,G5020,S,"325739","0","+41.9362370","-087.6564113",12,2
"17","031","062400","17031062400","624",Census Tract 624,G5020,S,"162936","0","+41.9415556","-087.6662882",12,2
"17","031","063100","17031063100","631",Census Tract 631,G5020,S,"159625","0","+41.9382319","-087.6467799",12,2
"17","031","063200","17031063200","632",Census Tract 632,G5020,S,"366779","397543","+41.9389231","-087.6346726",12,2
"17","031","063400","17031063400","634",Census Tract 634,G5020,S,"158851","0","+41.9346596","-087.6467300",12,2
"17","031","070200","17031070200","702",Census Tract 702,G5020,S,"341404","0","+41.9290777","-087.6462930",12,2
"17","031","070300","17031070300","703",Census Tract 703,G5020,S,"324412","0","+41.9290462","-087.6513103",12,2
"17","031","070400","17031070400","704",Census Tract 704,G5020,S,"324363","0","+41.9289672","-087.6561563",12,2
"17","031","070500","17031070500","705",Census Tract 705,G5020,S,"305415","0","+41.9289455","-087.6608922",12,2
"17","031","070600","17031070600","706",Census Tract 706,G5020,S,"343156","0","+41.9287627","-087.6656766",12,2
"17","031","070700","17031070700","707",Census Tract 707,G5020,S,"646549","39577","+41.9306521","-087.6741038",12,2
"17","031","060400","17031060400","604",Census Tract 604,G5020,S,"325028","0","+41.9506732","-087.6665364",12,2
"17","031","060500","17031060500","605",Census Tract 605,G5020,S,"228276","0","+41.9527200","-087.6605008",12,2
"17","031","830800","17031830800","8308",Census Tract 8308,G5020,S,"336529","0","+41.9651413","-087.6765775",12,2
"17","031","830700","17031830700","8307",Census Tract 8307,G5020,S,"861986","7945","+41.9583035","-087.6607646",12,2
"17","031","832000","17031832000","8320",Census Tract 8320,G5020,S,"167586","0","+41.9462941","-087.6542982",12,2
"17","031","843700","17031843700","8437",Census Tract 8437,G5020,S,"1204810","62134","+41.9455604","-087.6900340",12,2
"17","031","070103","17031070103","701.03",Census Tract 701.03,G5020,S,"69094","0","+41.9268110","-087.6426051",12,2
"17","031","831900","17031831900","8319",Census Tract 8319,G5020,S,"324322","0","+41.9451690","-087.6687907",12,2
"17","031","240200","17031240200","2402",Census Tract 2402,G5020,S,"166088","0","+41.9124417","-087.6701816",13,3
"17","031","221200","17031221200","2212",Census Tract 2212,G5020,S,"330421","0","+41.9210831","-087.7046499",13,3
"17","031","280400","17031280400","2804",Census Tract 2804,G5020,S,"502194","0","+41.8860094","-087.6718846",13,3
"17","031","280900","17031280900","2809",Census Tract 2809,G5020,S,"114689","0","+41.8786261","-087.6851324",13,3
"17","031","310200","17031310200","3102",Census Tract 3102,G5020,S,"320572","0","+41.8563100","-087.6442091",13,3
"17","031","310300","17031310300","3103",Census Tract 3103,G5020,S,"318572","0","+41.8561439","-087.6489782",13,3
"17","031","310400","17031310400","3104",Census Tract 3104,G5020,S,"124462","0","+41.8565069","-087.6522613",13,3
"17","031","310500","17031310500","3105",Census Tract 3105,G5020,S,"161938","0","+41.8552480","-087.6547400",13,3
"17","031","282800","17031282800","2828",Census Tract 2828,G5020,S,"164404","0","+41.8702683","-087.6849136",13,3
"17","031","283100","17031283100","2831",Census Tract 2831,G5020,S,"212435","0","+41.8692736","-087.6640458",13,3
"17","031","283800","17031283800","2838",Census Tract 2838,G5020,S,"376238","0","+41.8634168","-087.6537547",13,3
"17","031","210602","17031210602","2106.02",Census Tract 2106.02,G5020,S,"381387","0","+41.9341630","-087.7125720",13,3
"17","031","220602","17031220602","2206.02",Census Tract 2206.02,G5020,S,"464110","0","+41.9293272","-087.7119812",13,3
"17","031","220601","17031220601","2206.01",Census Tract 2206.01,G5020,S,"189121","0","+41.9258252","-087.7128836",13,3
"17","031","832200","17031832200","8322",Census Tract 8322,G5020,S,"399739","0","+41.9204822","-087.6799764",13,3
"17","031","836700","17031836700","8367",Census Tract 8367,G5020,S,"1227830","0","+41.8917041","-087.7021747",13,3
"17","031","833000","17031833000","8330",Census Tract 8330,G5020,S,"1312133","0","+41.8852863","-087.6572488",13,3
"17","031","838000","17031838000","8380",Census Tract 8380,G5020,S,"538297","0","+41.8773666","-087.6806521",13,3
"17","031","837100","17031837100","8371",Census Tract 8371,G5020,S,"745370","0","+41.8856736","-087.6987204",13,3
"17","031","837800","17031837800","8378",Census Tract 8378,G5020,S,"1005364","0","+41.8847504","-087.6841272",13,3
"17","031","833100","17031833100","8331",Census Tract 8331,G5020,S,"922811","0","+41.8790778","-087.6570459",13,3
"17","031","838100","17031838100","8381",Census Tract 8381,G5020,S,"820733","0","+41.8786668","-087.6716888",13,3
"17","031","833300","17031833300","8333",Census Tract 8333,G5020,S,"477330","0","+41.8716945","-087.6541237",13,3
"17","031","838200","17031838200","8382",Census Tract 8382,G5020,S,"1157568","0","+41.8704157","-087.6750794",13,3
"17","031","210601","17031210601","2106.01",Census Tract 2106.01,G5020,S,"273651","0","+41.9376356","-087.7122140",13,3
"17","031","222200","17031222200","2222",Census Tract 2222,G5020,S,"231074","0","+41.9159095","-087.6838262",13,3
"17","031","222500","17031222500","2225",Census Tract 2225,G5020,S,"158354","0","+41.9157082","-087.6995969",13,3
"17","031","222600","17031222600","2226",Census Tract 2226,G5020,S,"160604","0","+41.9156388","-087.7044798",13,3
"17","031","241000","17031241000","2410",Census Tract 2410,G5020,S,"207513","0","+41.9079686","-087.6945342",13,3
"17","031","222700","17031222700","2227",Census Tract 2227,G5020,S,"224935","0","+41.9155009","-087.7102058",13,3
"17","031","230100","17031230100","2301",Census Tract 2301,G5020,S,"166340","0","+41.9120080","-087.7043655",13,3
"17","031","230200","17031230200","2302",Census Tract 2302,G5020,S,"214283","0","+41.9118688","-087.7100844",13,3
"17","031","230300","17031230300","2303",Census Tract 2303,G5020,S,"106482","0","+41.9117866","-087.7149884",13,3
"17","031","222800","17031222800","2228",Census Tract 2228,G5020,S,"111384","0","+41.9154349","-087.7150953",13,3
"17","031","230800","17031230800","2308",Census Tract 2308,G5020,S,"204403","0","+41.9058396","-087.7149530",13,3
"17","031","230900","17031230900","2309",Census Tract 2309,G5020,S,"451725","0","+41.9066918","-087.7103505",13,3
"17","031","242300","17031242300","2423",Census Tract 2423,G5020,S,"328316","0","+41.8995065","-087.6796003",13,3
"17","031","242200","17031242200","2422",Census Tract 2422,G5020,S,"326986","0","+41.8995893","-087.6747188",13,3
"17","031","210700","17031210700","2107",Census Tract 2107,G5020,S,"497304","0","+41.9357029","-087.7038401",13,3
"17","031","283200","17031283200","2832",Census Tract 2832,G5020,S,"236547","0","+41.8695790","-087.6592024",13,3
"17","031","221000","17031221000","2210",Census Tract 2210,G5020,S,"220053","0","+41.9209604","-087.7152526",13,3
"17","031","221100","17031221100","2211",Census Tract 2211,G5020,S,"440042","0","+41.9210205","-087.7103609",13,3
"17","031","242800","17031242800","2428",Census Tract 2428,G5020,S,"439630","0","+41.8926320","-087.6903237",13,3
"17","031","242900","17031242900","2429",Census Tract 2429,G5020,S,"323819","0","+41.8921955","-087.6842896",13,3
"17","031","243000","17031243000","2430",Census Tract 2430,G5020,S,"324548","0","+41.8922753","-087.6793981",13,3
"17","031","243100","17031243100","2431",Census Tract 2431,G5020,S,"324004","0","+41.8923546","-087.6745068",13,3
"17","031","243200","17031243200","2432",Census Tract 2432,G5020,S,"323850","0","+41.8924327","-087.6696238",13,3
"17","031","243300","17031243300","2433",Census Tract 2433,G5020,S,"327093","0","+41.8924781","-087.6647388",13,3
"17","031","243400","17031243400","2434",Census Tract 2434,G5020,S,"329156","0","+41.8925579","-087.6598479",13,3
"17","031","241500","17031241500","2415",Census Tract 2415,G5020,S,"302473","0","+41.9083740","-087.6709298",13,3
"17","031","241100","17031241100","2411",Census Tract 2411,G5020,S,"330814","0","+41.9066403","-087.6895801",13,3
"17","031","241600","17031241600","2416",Census Tract 2416,G5020,S,"293931","0","+41.9067097","-087.6653277",13,3
"17","031","241300","17031241300","2413",Census Tract 2413,G5020,S,"164087","0","+41.9067716","-087.6810250",13,3
"17","031","241400","17031241400","2414",Census Tract 2414,G5020,S,"518625","0","+41.9060312","-087.6753137",13,3
"17","031","243500","17031243500","2435",Census Tract 2435,G5020,S,"657221","0","+41.8926536","-087.6525172",13,3
"17","031","221300","17031221300","2213",Census Tract 2213,G5020,S,"330104","0","+41.9211256","-087.6997541",13,3
"17","031","221500","17031221500","2215",Census Tract 2215,G5020,S,"304903","0","+41.9216468","-087.6899513",13,3
"17","031","221400","17031221400","2214",Census Tract 2214,G5020,S,"355032","0","+41.9208013","-087.6945320",13,3
"17","031","221600","17031221600","2216",Census Tract 2216,G5020,S,"327555","0","+41.9212455","-087.6850980",13,3
"17","031","242100","17031242100","2421",Census Tract 2421,G5020,S,"327980","0","+41.8996698","-087.6698375",13,3
"17","031","242000","17031242000","2420",Census Tract 2420,G5020,S,"326757","0","+41.8997371","-087.6649536",13,3
"17","031","210800","17031210800","2108",Census Tract 2108,G5020,S,"162930","0","+41.9357455","-087.6989334",13,3
"17","031","210900","17031210900","2109",Census Tract 2109,G5020,S,"555364","15204","+41.9348372","-087.6931182",13,3
"17","031","241200","17031241200","2412",Census Tract 2412,G5020,S,"328119","0","+41.9067070","-087.6846858",13,3
"17","031","242700","17031242700","2427",Census Tract 2427,G5020,S,"175572","0","+41.8974254","-087.6993742",13,3
"17","031","242400","17031242400","2424",Census Tract 2424,G5020,S,"328052","0","+41.8994219","-087.6844900",13,3
"17","031","242500","17031242500","2425",Census Tract 2425,G5020,S,"309814","0","+41.8994455","-087.6893191",13,3
"17","031","220300","17031220300","2203",Census Tract 2203,G5020,S,"326095","0","+41.9284647","-087.6950863",13,3
"17","031","220400","17031220400","2204",Census Tract 2204,G5020,S,"329548","0","+41.9284314","-087.6999684",13,3
"17","031","220500","17031220500","2205",Census Tract 2205,G5020,S,"334922","0","+41.9283965","-087.7049111",13,3
"17","031","240300","17031240300","2403",Census Tract 2403,G5020,S,"166319","0","+41.9123693","-087.6750677",13,3
"17","031","240500","17031240500","2405",Census Tract 2405,G5020,S,"233801","0","+41.9119683","-087.6836267",13,3
"17","031","240800","17031240800","2408",Census Tract 2408,G5020,S,"168897","0","+41.9120742","-087.6994802",13,3
"17","031","240600","17031240600","2406",Census Tract 2406,G5020,S,"165380","0","+41.9121341","-087.6897111",13,3
"17","031","240700","17031240700","2407",Census Tract 2407,G5020,S,"165872","0","+41.9120878","-087.6945986",13,3
"17","031","240900","17031240900","2409",Census Tract 2409,G5020,S,"958058","42315","+41.9048448","-087.6986233",13,3
"17","031","242600","17031242600","2426",Census Tract 2426,G5020,S,"475743","0","+41.9005600","-087.6941970",13,3
"17","031","310600","17031310600","3106",Census Tract 3106,G5020,S,"543291","0","+41.8563330","-087.6595637",13,3
"17","031","310700","17031310700","3107",Census Tract 3107,G5020,S,"160036","0","+41.8559903","-087.6649061",13,3
"17","031","310800","17031310800","3108",Census Tract 3108,G5020,S,"332782","0","+41.8559337","-087.6685737",13,3
"17","031","310900","17031310900","3109",Census Tract 3109,G5020,S,"484908","0","+41.8557716","-087.6746741",13,3
"17","031","830900","17031830900","8309",Census Tract 8309,G5020,S,"990468","47216","+41.9284245","-087.6849065",13,3
"17","031","832300","17031832300","8323",Census Tract 8323,G5020,S,"803546","37059","+41.9198264","-087.6727807",13,3
"17","031","831000","17031831000","8310",Census Tract 8310,G5020,S,"281249","0","+41.9147981","-087.6769966",13,3
"17","031","842900","17031842900","8429",Census Tract 8429,G5020,S,"2208391","0","+41.8631389","-087.6729371",13,3
"17","031","832400","17031832400","8324",Census Tract 8324,G5020,S,"323051","0","+41.9157411","-087.6922565",13,3
"17","031","832900","17031832900","8329",Census Tract 8329,G5020,S,"401717","0","+41.8741811","-087.6619014",13,3
"17","031","836900","17031836900","8369",Census Tract 8369,G5020,S,"164712","0","+41.8818831","-087.7061362",13,3
"17","031","841200","17031841200","8412",Census Tract 8412,G5020,S,"625407","0","+41.8555618","-087.6833420",13,3
"17","031","843200","17031843200","8432",Census Tract 8432,G5020,S,"2788963","305033","+41.8487153","-087.6642169",13,3
"17","031","411000","17031411000","4110",Census Tract 4110,G5020,S,"745934","1150922","+41.7872267","-087.5774620",,7
"17","031","081402","17031081402","814.02",Census Tract 814.02,G5020,S,"589626","0","+41.8910215","-087.6129310",1,4
"17","031","836400","17031836400","8364",Census Tract 8364,G5020,S,"799114","867001","+41.8190118","-087.5951761",,5
"17","031","836500","17031836500","8365",Census Tract 8365,G5020,S,"468075","469611","+41.8259463","-087.5994560",,5
"17","031","810400","17031810400","8104",Census Tract 8104,G5020,S,"2319247","0","+41.9875737","-087.8294387",,1
"17","031","410900","17031410900","4109",Census Tract 4109,G5020,S,"387624","578244","+41.7967097","-087.5780937",,5
"17","031","823304","17031823304","8233.04",Census Tract 8233.04,G5020,S,"3557491","0","+41.6814160","-087.7027707",,9
"17","031","010400","17031010400","104",Census Tract 104,G5020,S,"548761","602605","+42.0064109","-087.6588157",,11
"17","031","811600","17031811600","8116",Census Tract 8116,G5020,S,"2931455","0","+41.9511884","-087.8722007",,1
"17","031","430700","17031430700","4307",Census Tract 4307,G5020,S,"189450","178320","+41.7652716","-087.5608903",,7
"17","031","081202","17031081202","812.02",Census Tract 812.02,G5020,S,"204321","530065","+41.9043769","-087.6242374",,4
"17","031","390700","17031390700","3907",Census Tract 3907,G5020,S,"608424","820061","+41.8040164","-087.5804887",,5
"17","031","431400","17031431400","4314",Census Tract 4314,G5020,S,"1084987","1126154","+41.7572084","-087.5465550",,8
"17","031","821500","17031821500","8215",Census Tract 8215,G5020,S,"4197000","452975","+41.6505617","-087.6360769",,9
"17","031","430102","17031430102","4301.02",Census Tract 4301.02,G5020,S,"454086","542570","+41.7689528","-087.5638143",,7
"17","031","410100","17031410100","4101",Census Tract 4101,G5020,S,"220901","265305","+41.8015822","-087.5810259",,5
"17","031","770800","17031770800","7708",Census Tract 7708,G5020,S,"3925188","0","+41.9633197","-087.8664226",,1
